ID,SMILES,cleaned_smiles,Report_Time,Assay,Assay_Parameter,Operator,Raw_Value,Units,label
673,Nc1cccc2ccccc12,Nc1cccc2ccccc12,,LogS,,=,-1.92,,0
1056,CCCCC(=O)OC1(C(=O)CO)C(C)CC2C3CCC4=CC(=O)C=CC4(C)C3(F)C(O)CC21C,CCCCC(=O)OC1(C(=O)CO)C(C)CC2C3CCC4=CC(=O)C=CC4(C)C3(F)C(O)CC21C,,LogS,,=,-4.71,,0
158,CC(C)CC(C)(C)O,CC(C)CC(C)(C)O,,LogS,,=,-0.92,,0
520,CCN(CC)c1ccccc1,CCN(CC)c1ccccc1,,LogS,,=,-3.03,,0
632,COC(=O)C(Cl)Cc1ccc(Cl)cc1,COC(=O)C(Cl)Cc1ccc(Cl)cc1,,LogS,,=,-3.77,,0
560,O=C(O)c1cccc(I)c1,O=C(O)c1cccc(I)c1,,LogS,,=,-3.27,,0
408,CCOC(=O)c1ccc(O)cc1,CCOC(=O)c1ccc(O)cc1,,LogS,,=,-2.35,,0
686,C=CC(=C)C,C=CC(=C)C,,LogS,,=,-2.03,,0
944,O=C1CN(N=Cc2ccc([N+](=O)[O-])o2)C(=O)N1,O=C1CN(N=Cc2ccc([N+](=O)[O-])o2)C(=O)N1,,LogS,,=,-3.38,,0
504,CN(C)C(=O)Nc1ccc(Cl)cc1,CN(C)C(=O)Nc1ccc(Cl)cc1,,LogS,,=,-2.89,,0
1000,O=C(Nc1ccccc1)c1ccccc1I,O=C(Nc1ccccc1)c1ccccc1I,,LogS,,=,-4.21,,0
141,C=CC(=O)CCC,C=CC(=O)CCC,,LogS,,=,-0.83,,0
619,O=C(O)CCCOc1ccc(Cl)cc1Cl,O=C(O)CCCOc1ccc(Cl)cc1Cl,,LogS,,=,-3.67,,0
851,O=C(O)c1cccnc1Nc1cccc(C(F)(F)F)c1,O=C(O)c1cccnc1Nc1cccc(C(F)(F)F)c1,,LogS,,=,-4.17,,0
395,CCOP(=S)(OCC)Oc1ccc(S(C)=O)cc1,CCOP(=S)(OCC)Oc1ccc([S+](C)[O-])cc1,,LogS,,=,-2.3,,0
553,Nc1ccc(Cl)c(Cl)c1,Nc1ccc(Cl)c(Cl)c1,,LogS,,=,-3.24,,0
1258,CCN(N=O)C(N)=O,CCN(N=O)C(N)=O,,LogS,,=,-0.96,,0
248,CCCCC(=O)CC(C)=O,CCCCC(=O)CC(C)=O,,LogS,,=,-1.56,,0
838,CC12CCC(=O)C=C1CCC1C2CCC2(C)C1CCC2(C)O,CC12CCC(=O)C=C1CCC1C2CCC2(C)C1CCC2(C)O,,LogS,,=,-3.99,,0
874,COP(=S)(OC)Oc1ccc(SC)c(C)c1,COP(=S)(OC)Oc1ccc(SC)c(C)c1,,LogS,,=,-4.57,,0
771,FC(F)(Cl)C(F)(Cl)Cl,FC(F)(Cl)C(F)(Cl)Cl,,LogS,,=,-3.04,,0
459,O=C(O)Cn1c(=O)sc2cccc(Cl)c21,O=C(O)Cn1c(=O)sc2cccc(Cl)c21,,LogS,,=,-2.61,,0
565,CC1CCCC1,CC1CCCC1,,LogS,,=,-3.3,,0
671,CC(=O)Nc1ccccc1[N+](=O)[O-],CC(=O)Nc1ccccc1[N+](=O)[O-],,LogS,,=,-1.91,,0
88,OCc1ccccc1,OCc1ccccc1,,LogS,,=,-0.4,,0
927,Clc1cc(Cl)c(-c2ccc(Cl)c(Cl)c2Cl)cc1Cl,Clc1cc(Cl)c(-c2ccc(Cl)c(Cl)c2Cl)cc1Cl,,LogS,,=,-8.32,,0
310,COc1ccccc1,COc1ccccc1,,LogS,,=,-1.85,,0
74,CC(C)C(C)O,CC(C)C(C)O,,LogS,,=,-0.2,,0
448,Cc1cc(Cl)ccc1OC(C)C(=O)O,Cc1cc(Cl)ccc1OC(C)C(=O)O,,LogS,,=,-2.55,,0
184,c1ccc2ocnc2c1,c1ccc2ocnc2c1,,LogS,,=,-1.16,,0
1273,Cc1ccc(N)cc1,Cc1ccc(N)cc1,,LogS,,=,-1.21,,0
973,CNc1cnn(-c2cccc(C(F)(F)F)c2)c(=O)c1Cl,CNc1cnn(-c2cccc(C(F)(F)F)c2)c(=O)c1Cl,,LogS,,=,-4.04,,0
1002,Nc1cccc2nc3ccccc3cc12,Nc1cccc2nc3ccccc3cc12,,LogS,,=,-4.22,,0
949,CCOP(=S)(OCC)Oc1cc(C)nc(C(C)C)n1,CCOP(=S)(OCC)Oc1cc(C)nc(C(C)C)n1,,LogS,,=,-3.76,,0
870,Clc1cc(Cl)cc(Cl)c1,Clc1cc(Cl)cc(Cl)c1,,LogS,,=,-4.48,,0
1099,CC(=O)OC1(C(C)=O)CCC2C3C=C(C)C4=CC(=O)CCC4(C)C3CCC21C,CC(=O)OC1(C(C)=O)CCC2C3C=C(C)C4=CC(=O)CCC4(C)C3CCC21C,,LogS,,=,-5.35,,0
595,Nc1ccc(S(=O)(=O)Nc2ncccn2)cc1,Nc1ccc(S(=O)(=O)Nc2ncccn2)cc1,,LogS,,=,-3.51,,0
667,ClCCCBr,ClCCCBr,,LogS,,=,-1.85,,0
881,Oc1c2ccccc2cc2ccccc12,Oc1c2ccccc2cc2ccccc12,,LogS,,=,-4.73,,0
479,CCCCCCC(=O)OCC,CCCCCCC(=O)OCC,,LogS,,=,-2.71,,0
537,CN(C)C1C(O)=C(C(N)=O)C(=O)C2(O)C(O)=C3C(=O)c4c(O)cccc4C(C)(O)C3C(O)C12,CN(C)C1C(O)=C(C(N)=O)C(=O)C2(O)C(O)=C3C(=O)c4c(O)cccc4C(C)(O)C3C(O)C12,,LogS,,=,-3.14,,0
656,CC(=O)CC(=O)C(C)(C)C,CC(=O)CC(=O)C(C)(C)C,,LogS,,=,-1.63,,0
1164,Clc1ccc(Cl)c(-c2cc(Cl)c(Cl)c(Cl)c2Cl)c1,Clc1ccc(Cl)c(-c2cc(Cl)c(Cl)c(Cl)c2Cl)c1,,LogS,,=,-7.68,,0
1196,OCC(O)C(O)CO,OCC(O)C(O)CO,,LogS,,=,0.7,,1
1207,C=C(C)C(=O)O,C=C(C)C(=O)O,,LogS,,=,0.01,,1
458,COc1ccc(C(O)(c2cncnc2)C2CC2)cc1,COc1ccc(C(O)(c2cncnc2)C2CC2)cc1,,LogS,,=,-2.6,,0
89,CSCCC(N)C(=O)O,CSCCC(N)C(=O)O,,LogS,,=,-0.42,,0
371,CCC1(C2=CCCCC2)C(=O)NC(=O)NC1=O,CCC1(C2=CCCCC2)C(=O)NC(=O)NC1=O,,LogS,,=,-2.17,,0
680,C=CC(C)(O)CCC=C(C)C,C=CC(C)(O)CCC=C(C)C,,LogS,,=,-1.99,,0
298,COC(=O)c1ccc(O)cc1,COC(=O)c1ccc(O)cc1,,LogS,,=,-1.78,,0
192,C=CC(=O)OCC(C)C,C=CC(=O)OCC(C)C,,LogS,,=,-1.21,,0
880,Cc1cc2ccccc2cc1C,Cc1cc2ccccc2cc1C,,LogS,,=,-4.72,,0
41,O=C1CCC(=O)N1,O=C1CCC(=O)N1,,LogS,,=,0.3,,1
312,COc1ccc2c(c1O)C13CCN(C)C1(C=CC(=O)C3)CC2,COc1ccc2c(c1O)C13CCN(C)C1(C=CC(=O)C3)CC2,,LogS,,=,-1.87,,0
876,O=c1oc(-c2ccccc2)nc2ccccc12,O=c1oc(-c2ccccc2)nc2ccccc12,,LogS,,=,-4.61,,0
577,CCn1cc(C(=O)O)c(=O)c2ccc(C)nc21,CCn1cc(C(=O)O)c(=O)c2ccc(C)nc21,,LogS,,=,-3.37,,0
266,ClCCCCl,ClCCCCl,,LogS,,=,-1.62,,0
364,CN1CSC(=S)N(C)C1,CN1CSC(=S)N(C)C1,,LogS,,=,-2.13,,0
814,CCCCOc1cc(C(=O)NCCN(CC)CC)c2ccccc2n1,CCCCOc1cc(C(=O)NCCN(CC)CC)c2ccccc2n1,,LogS,,=,-3.7,,0
1097,c1ccc2c(c1)Oc1ccccc1O2,c1ccc2c(c1)Oc1ccccc1O2,,LogS,,=,-5.31,,0
52,CCS(=O)(=O)CC,CCS(=O)(=O)CC,,LogS,,=,0.04,,1
584,CN(C)CCC=C1c2ccccc2COc2ccccc21,CN(C)CCC=C1c2ccccc2COc2ccccc21,,LogS,,=,-3.4,,0
197,CCCCOC(C)=O,CCCCOC(C)=O,,LogS,,=,-1.24,,0
950,O=C1OC(c2ccc(O)cc2)(c2ccc(O)cc2)c2ccccc21,O=C1OC(c2ccc(O)cc2)(c2ccc(O)cc2)c2ccccc21,,LogS,,=,-2.9,,0
707,O=C(O)c1ccccc1-c1ccccc1C(=O)O,O=C(O)c1ccccc1-c1ccccc1C(=O)O,,LogS,,=,-2.28,,0
900,Clc1cccc(-c2cccc(Cl)c2)c1,Clc1cccc(-c2cccc(Cl)c2)c1,,LogS,,=,-5.8,,0
946,CN1C(=O)CN=C(c2ccccc2)c2cc(Cl)ccc21,CN1C(=O)CN=C(c2ccccc2)c2cc(Cl)ccc21,,LogS,,=,-3.76,,0
820,C[C@H]1C[C@H]2[C@@H]3CCC4=CC(=O)C=C[C@]4(C)[C@@]3(F)[C@@H](O)C[C@]2(C)[C@@]1(O)C(=O)CO,C[C@H]1C[C@H]2[C@@H]3CCC4=CC(=O)C=C[C@]4(C)[C@@]3(F)[C@@H](O)C[C@]2(C)[C@@]1(O)C(=O)CO,,LogS,,=,-3.77,,0
1108,Cc1ccc(N=CN(C)C=Nc2ccc(C)cc2C)c(C)c1,Cc1ccc(N=CN(C)C=Nc2ccc(C)cc2C)c(C)c1,,LogS,,=,-5.47,,0
413,S=c1ncc2nccnc2[nH]1,S=c1ncc2nccnc2[nH]1,,LogS,,=,-2.36,,0
1065,CC(=O)OC1(C(=O)CO)C(C)CC2C3CCC4=CC(=O)C=CC4(C)C3(F)C(O)CC21C,CC(=O)OC1(C(=O)CO)C(C)CC2C3CCC4=CC(=O)C=CC4(C)C3(F)C(O)CC21C,,LogS,,=,-4.9,,0
439,CC(C)N(C(=O)CCl)c1ccccc1,CC(C)N(C(=O)CCl)c1ccccc1,,LogS,,=,-2.48,,0
869,CC(=O)Oc1c(C(C)(C)C)cc([N+](=O)[O-])c(C)c1[N+](=O)[O-],CC(=O)Oc1c(C(C)(C)C)cc([N+](=O)[O-])c(C)c1[N+](=O)[O-],,LogS,,=,-4.47,,0
274,Nc1ccc(Cl)cc1,Nc1ccc(Cl)cc1,,LogS,,=,-1.66,,0
893,CC(C)=CC1C(C(=O)OCc2cccc(Oc3ccccc3)c2)C1(C)C,CC(C)=CC1C(C(=O)OCc2cccc(Oc3ccccc3)c2)C1(C)C,,LogS,,=,-5.24,,0
1206,Cc1cnc2cncnc2n1,Cc1cnc2cncnc2n1,,LogS,,=,0.06,,1
451,COc1cnc(NS(=O)(=O)c2ccc(N)cc2)nc1,COc1cnc(NS(=O)(=O)c2ccc(N)cc2)nc1,,LogS,,=,-2.58,,0
917,Clc1ccc(Cl)c(-c2cc(Cl)ccc2Cl)c1,Clc1ccc(Cl)c(-c2cc(Cl)ccc2Cl)c1,,LogS,,=,-7,,0
942,CCC1(c2ccccc2)C(=O)NC(=O)NC1=O,CCC1(c2ccccc2)C(=O)NC(=O)NC1=O,,LogS,,=,-2.34,,0
547,Cc1cccc(C)c1C,Cc1cccc(C)c1C,,LogS,,=,-3.2,,0
1302,c1ccc2scnc2c1,c1ccc2scnc2c1,,LogS,,=,-1.5,,0
787,C=CCC(C)C,C=CCC(C)C,,LogS,,=,-3.24,,0
614,CC1CC2C3CCC4=CC(=O)C=CC4(C)C3(F)C(O)CC2(C)C1(O)C(=O)CO,CC1CC2C3CCC4=CC(=O)C=CC4(C)C3(F)C(O)CC2(C)C1(O)C(=O)CO,,LogS,,=,-3.64,,0
768,CC1CC2C(C(O)CC3(C)C2CCC3(O)C(=O)CO)C2(C)C=CC(=O)C=C12,CC1CC2C(C(O)CC3(C)C2CCC3(O)C(=O)CO)C2(C)C=CC(=O)C=C12,,LogS,,=,-2.99,,0
1306,O[C@H]1CO[C@@H](O)[C@H](O)[C@H]1O,O[C@H]1CO[C@@H](O)[C@H](O)[C@H]1O,,LogS,,=,0.39,,1
525,O=c1c(O)c(-c2ccc(O)cc2O)oc2cc(O)cc(O)c12,O=c1c(O)c(-c2ccc(O)cc2O)oc2cc(O)cc(O)c12,,LogS,,=,-3.08,,0
596,c1ccc(Nc2ccccc2)cc1,c1ccc(Nc2ccccc2)cc1,,LogS,,=,-3.51,,0
490,c1ccc2c(c1)cnc1ccccc12,c1ccc2c(c1)cnc1ccccc12,,LogS,,=,-2.78,,0
994,COC(=O)C1(O)c2ccccc2-c2ccc(Cl)cc21,COC(=O)C1(O)c2ccccc2-c2ccc(Cl)cc21,,LogS,,=,-4.18,,0
1082,CC(CCC(=O)NCC(=O)O)C1CCC2C3C(O)CC4CC(O)CCC4(C)C3CC(O)C12C,CC(CCC(=O)NCC(=O)O)C1CCC2C3C(O)CC4CC(O)CCC4(C)C3CC(O)C12C,,LogS,,=,-5.15,,0
735,CCC(N)Cc1c[nH]c2ccccc12,CCC(N)Cc1c[nH]c2ccccc12,,LogS,,=,-2.57,,0
538,BrC(Br)(Br)Br,BrC(Br)(Br)Br,,LogS,,=,-3.14,,0
114,Cc1cccc(O)c1,Cc1cccc(O)c1,,LogS,,=,-0.68,,0
813,Cc1ccc2nc(-c3ccc(N)cc3)sc2c1,Cc1ccc2nc(-c3ccc(N)cc3)sc2c1,,LogS,,=,-3.68,,0
621,Cc1ccc(S(=O)(=O)NC(=O)NN2CCCCCC2)cc1,Cc1ccc(S(=O)(=O)NC(=O)NN2CCCCCC2)cc1,,LogS,,=,-3.68,,0
554,CC(=O)Nc1cc(NS(=O)(=O)C(F)(F)F)c(C)cc1C,CC(=O)Nc1cc(NS(=O)(=O)C(F)(F)F)c(C)cc1C,,LogS,,=,-3.24,,0
146,Cc1cccc(N)c1,Cc1cccc(N)c1,,LogS,,=,-0.85,,0
367,CC(C)CNC(=O)N1CCNC1=O,CC(C)CNC(=O)N1CCNC1=O,,LogS,,=,-2.15,,0
433,Cc1nc(NS(=O)(=O)c2ccc(N)cc2)oc1C,Cc1nc(NS(=O)(=O)c2ccc(N)cc2)oc1C,,LogS,,=,-2.44,,0
1165,Clc1ccc(-c2ccc(Cl)c(Cl)c2)c(Cl)c1,Clc1ccc(-c2ccc(Cl)c(Cl)c2)c(Cl)c1,,LogS,,=,-7.8,,0
455,CCc1cccs1,CCc1cccs1,,LogS,,=,-2.59,,0
1222,Nc1ccc(C(=O)O)cc1,Nc1ccc(C(=O)O)cc1,,LogS,,=,-0.4,,0
1109,CC(C)(C)CC(=O)OCC(=O)C1(O)CCC2C3CCC4=CC(=O)CCC4(C)C3C(O)CC21C,CC(C)(C)CC(=O)OCC(=O)C1(O)CCC2C3CCC4=CC(=O)CCC4(C)C3C(O)CC21C,,LogS,,=,-5.51,,0
40,CCC(N)C(=O)O,CCC(N)C(=O)O,,LogS,,=,0.31,,1
1247,O=C1CNC(=O)CN1,O=C1CNC(=O)CN1,,LogS,,=,-0.83,,0
1045,CCCCCCCCCCCC(=O)O,CCCCCCCCCCCC(=O)O,,LogS,,=,-4.62,,0
1271,BrCBr,BrCBr,,LogS,,=,-1.17,,0
193,CC(C)(C)NCC(O)c1ccc(O)c(CO)c1,CC(C)(C)NCC(O)c1ccc(O)c(CO)c1,,LogS,,=,-1.22,,0
127,ONc1ccccc1,ONc1ccccc1,,LogS,,=,-0.74,,0
795,CC(C)OC(=O)Nc1cccc(Cl)c1,CC(C)OC(=O)Nc1cccc(Cl)c1,,LogS,,=,-3.38,,0
871,CC1CCC(C)(C)C1,CC1CCC(C)(C)C1,,LogS,,=,-4.48,,0
845,CSc1nc(NC(C)C)nc(NC(C)C)n1,CSc1nc(NC(C)C)nc(NC(C)C)n1,,LogS,,=,-4.1,,0
355,C=CCC=C,C=CCC=C,,LogS,,=,-2.09,,0
299,CCCOC(=O)c1cc(O)c(O)c(O)c1,CCCOC(=O)c1cc(O)c(O)c(O)c1,,LogS,,=,-1.78,,0
1208,CCCCO,CCCCO,,LogS,,=,0,,1
573,CCOP(=S)(OCC)N1C(=O)c2ccccc2C1=O,CCOP(=S)(OCC)N1C(=O)c2ccccc2C1=O,,LogS,,=,-3.35,,0
343,CCCCCCC(C)=O,CCCCCCC(C)=O,,LogS,,=,-2.05,,0
721,CCCCCCCCO,CCCCCCCCO,,LogS,,=,-2.39,,0
1047,Clc1cc(Cl)c(Cl)c(Cl)c1,Clc1cc(Cl)c(Cl)c(Cl)c1,,LogS,,=,-4.63,,0
454,O=C(O)c1cccc(Cl)c1,O=C(O)c1cccc(Cl)c1,,LogS,,=,-2.59,,0
1202,Cc1cncc(C)c1,Cc1cncc(C)c1,,LogS,,=,0.38,,1
425,Cc1nnc(NS(=O)(=O)c2ccc(N)cc2)s1,Cc1nnc(NS(=O)(=O)c2ccc(N)cc2)s1,,LogS,,=,-2.41,,0
39,CC=CC=O,CC=CC=O,,LogS,,=,0.32,,1
636,CN(C)C(=O)Nc1cccc(OC(=O)NC(C)(C)C)c1,CN(C)C(=O)Nc1cccc(OC(=O)NC(C)(C)C)c1,,LogS,,=,-2.93,,0
630,CCc1ccc(CC)cc1,CCc1ccc(CC)cc1,,LogS,,=,-3.75,,0
576,CC(CCC(=O)O)C1CCC2C3C(O)CC4CC(O)CCC4(C)C3CC(O)C12C,CC(CCC(=O)O)C1CCC2C3C(O)CC4CC(O)CCC4(C)C3CC(O)C12C,,LogS,,=,-3.37,,0
763,CNc1ccccc1C(=O)O,CNc1ccccc1C(=O)O,,LogS,,=,-2.88,,0
1174,FC(F)(F)c1cccc(C(c2ccccc2)(c2ccccc2)n2cncn2)c1,FC(F)(F)c1cccc(C(c2ccccc2)(c2ccccc2)n2cncn2)c1,,LogS,,=,-8.4,,0
394,CCCCCCCC(=O)O,CCCCCCCC(=O)O,,LogS,,=,-2.3,,0
932,c1ccc2c(c1)ccc1cc3c(ccc4ccccc43)cc12,c1ccc2c(c1)ccc1cc3c(ccc4ccccc43)cc12,,LogS,,=,-8.66,,0
26,CCC=O,CCC=O,,LogS,,=,0.58,,1
806,CCOC(=O)C(c1c(O)c2ccccc2oc1=O)c1c(O)c2ccccc2oc1=O,CCOC(=O)C(c1c(O)c2ccccc2oc1=O)c1c(O)c2ccccc2oc1=O,,LogS,,=,-3.66,,0
904,COP(=S)(OC)Oc1cc(Cl)c(Br)cc1Cl,COP(=S)(OC)Oc1cc(Cl)c(Br)cc1Cl,,LogS,,=,-6.09,,0
1026,CC(C)Nc1nc(Cl)nc(NC(C)C)n1,CC(C)Nc1nc(Cl)nc(NC(C)C)n1,,LogS,,=,-4.43,,0
125,C=CC(=O)OCC,C=CC(=O)OCC,,LogS,,=,-0.74,,0
389,CC(=O)Nc1ccccc1O,CC(=O)Nc1ccccc1O,,LogS,,=,-2.24,,0
1124,O=C(NC(=O)c1c(F)cccc1F)Nc1ccc(Cl)cc1,O=C(NC(=O)c1c(F)cccc1F)Nc1ccc(Cl)cc1,,LogS,,=,-6.02,,0
481,CCCCOC(=O)c1ccc(O)cc1,CCCCOC(=O)c1ccc(O)cc1,,LogS,,=,-2.72,,0
507,Oc1cccc2c(O)cccc12,Oc1cccc2c(O)cccc12,,LogS,,=,-2.92,,0
916,CCCCC(CC)COC(=O)c1ccccc1C(=O)OCC(CC)CCCC,CCCCC(CC)COC(=O)c1ccccc1C(=O)OCC(CC)CCCC,,LogS,,=,-6.96,,0
1229,CCC(C)CO,CCC(C)CO,,LogS,,=,-0.47,,0
852,ClC(Cl)=CC(Cl)=C(Cl)Cl,ClC(Cl)=CC(Cl)=C(Cl)Cl,,LogS,,=,-4.23,,0
1264,Oc1ccccc1Cl,Oc1ccccc1Cl,,LogS,,=,-1.06,,0
167,CI,CI,,LogS,,=,-1,,0
896,OC1C=CC2C1C1(Cl)C(Cl)=C(Cl)C2(Cl)C1(Cl)Cl,OC1C=CC2C1C1(Cl)C(Cl)=C(Cl)C2(Cl)C1(Cl)Cl,,LogS,,=,-5.46,,0
523,C=CC1CN2CCC1CC2C(O)c1ccnc2ccccc12,C=CC1CN2CCC1CC2C(O)c1ccnc2ccccc12,,LogS,,=,-3.07,,0
34,Cc1ccc(C)nc1,Cc1ccc(C)nc1,,LogS,,=,0.4,,1
1138,Clc1ccc(Cl)c(-c2cccc(Cl)c2Cl)c1,Clc1ccc(Cl)c(-c2cccc(Cl)c2Cl)c1,,LogS,,=,-6.47,,0
480,CCOc1ccc(C(=O)OCCN(CC)CC)cc1,CCOc1ccc(C(=O)OCCN(CC)CC)cc1,,LogS,,=,-2.71,,0
403,COC(=O)c1ccccc1O,COC(=O)c1ccccc1O,,LogS,,=,-2.34,,0
303,Fc1ccccc1,Fc1ccccc1,,LogS,,=,-1.8,,0
818,Clc1cccc(C(Cl)(Cl)Cl)n1,Clc1cccc(C(Cl)(Cl)Cl)n1,,LogS,,=,-3.76,,0
957,CCCCC1C(=O)N(c2ccccc2)N(c2ccccc2)C1=O,CCCCC1C(=O)N(c2ccccc2)N(c2ccccc2)C1=O,,LogS,,=,-3.81,,0
567,O=C(O)c1cc(I)cc(I)c1O,O=C(O)c1cc(I)cc(I)c1O,,LogS,,=,-3.31,,0
970,CCNc1nc(NC(C)(C)C)nc(SC)n1,CCNc1nc(NC(C)(C)C)nc(SC)n1,,LogS,,=,-4,,0
46,C=CC#N,C=CC#N,,LogS,,=,0.15,,1
202,CC(=O)c1cccc(N)c1,CC(=O)c1cccc(N)c1,,LogS,,=,-1.28,,0
654,NC(Cc1ccc(O)c(O)c1)C(=O)O,NC(Cc1ccc(O)c(O)c1)C(=O)O,,LogS,,=,-1.6,,0
1134,CCOP(=S)(OCC)SC(CCl)N1C(=O)c2ccccc2C1=O,CCOP(=S)(OCC)SC(CCl)N1C(=O)c2ccccc2C1=O,,LogS,,=,-6.34,,0
329,O=C(O)c1cc(=O)[nH]c(=O)[nH]1,O=C(O)c1cc(=O)[nH]c(=O)[nH]1,,LogS,,=,-1.93,,0
1012,COc1ccc2ccc(=O)oc2c1CC=C(C)C,COc1ccc2ccc(=O)oc2c1CC=C(C)C,,LogS,,=,-4.31,,0
319,ClC(Br)Br,ClC(Br)Br,,LogS,,=,-1.9,,0
1268,ClCCOCCCl,ClCCOCCCl,,LogS,,=,-1.12,,0
330,OC(c1ccccc1)C(O)c1ccccc1,OC(c1ccccc1)C(O)c1ccccc1,,LogS,,=,-1.93,,0
83,N#CN=C(N)N,N#CN=C(N)N,,LogS,,=,-0.31,,0
953,CCCCCC(O)C=CC1C(O)CC(=O)C1CC=CCCCC(=O)O,CCCCCC(O)C=CC1C(O)CC(=O)C1CC=CCCCC(=O)O,,LogS,,=,-2.47,,0
533,FC(F)(Cl)C(F)(F)Cl,FC(F)(Cl)C(F)(F)Cl,,LogS,,=,-3.12,,0
550,O=C(O)C(c1ccccc1)c1ccccc1,O=C(O)C(c1ccccc1)c1ccccc1,,LogS,,=,-3.22,,0
1256,NC(=O)NCc1ccccc1,NC(=O)NCc1ccccc1,,LogS,,=,-0.95,,0
535,CC=Cc1ccc(OC)cc1,CC=Cc1ccc(OC)cc1,,LogS,,=,-3.13,,0
1051,CCCCCCCCCCCCO,CCCCCCCCCCCCO,,LogS,,=,-4.67,,0
424,COC(=O)c1ccc(OC)cc1,COC(=O)c1ccc(OC)cc1,,LogS,,=,-2.41,,0
275,CCCC(C)(COC(N)=O)COC(N)=O,CCCC(C)(COC(N)=O)COC(N)=O,,LogS,,=,-1.67,,0
412,CSc1ncnc2nccnc12,CSc1ncnc2nccnc12,,LogS,,=,-2.36,,0
757,O=C(O)c1ccc([N+](=O)[O-])cc1,O=C(O)c1ccc([N+](=O)[O-])cc1,,LogS,,=,-2.8,,0
130,CCOCCOCC,CCOCCOCC,,LogS,,=,-0.77,,0
453,C1=CCCCC1,C1=CCCCC1,,LogS,,=,-2.59,,0
798,O=C(C=CC=Cc1ccc2c(c1)OCO2)N1CCCCC1,O=C(C=CC=Cc1ccc2c(c1)OCO2)N1CCCCC1,,LogS,,=,-3.46,,0
57,C1CCOCC1,C1CCOCC1,,LogS,,=,-0.03,,0
134,CCCC(O)CC,CCCC(O)CC,,LogS,,=,-0.8,,0
422,CSc1ccccc1,CSc1ccccc1,,LogS,,=,-2.39,,0
1121,O=[N+]([O-])c1c(Cl)c(Cl)c(Cl)c(Cl)c1Cl,O=[N+]([O-])c1c(Cl)c(Cl)c(Cl)c(Cl)c1Cl,,LogS,,=,-5.82,,0
979,CC1CCCCC1NC(=O)Nc1ccccc1,CC1CCCCC1NC(=O)Nc1ccccc1,,LogS,,=,-4.11,,0
966,CC12CCC3c4ccc(O)cc4CCC3C1CCC2=O,CC12CCC3c4ccc(O)cc4CCC3C1CCC2=O,,LogS,,=,-3.96,,0
884,CC12CCC3c4ccc(O)cc4CCC3C1CCC2O,CC12CCC3c4ccc(O)cc4CCC3C1CCC2O,,LogS,,=,-4.84,,0
585,C=CCCCCCCCCC(=O)O,C=CCCCCCCCCC(=O)O,,LogS,,=,-3.4,,0
921,ClC1=C(Cl)C2(Cl)C3C4C=CC(C4)C3C1(Cl)C2(Cl)Cl,ClC1=C(Cl)C2(Cl)C3C4C=CC(C4)C3C1(Cl)C2(Cl)Cl,,LogS,,=,-7.33,,0
951,CCOC(=O)CC(SP(=S)(OC)OC)C(=O)OCC,CCOC(=O)CC(SP(=S)(OC)OC)C(=O)OCC,,LogS,,=,-3.36,,0
348,Cc1ccccc1C(=O)O,Cc1ccccc1C(=O)O,,LogS,,=,-2.06,,0
119,CCC(O)C(C)C,CCC(O)C(C)C,,LogS,,=,-0.7,,0
887,Cc1ccc2cc(C)ccc2c1,Cc1ccc2cc(C)ccc2c1,,LogS,,=,-4.89,,0
35,Cc1ccnc(C)c1,Cc1ccnc(C)c1,,LogS,,=,0.38,,1
254,COC(=O)c1ccc(N)cc1,COC(=O)c1ccc(N)cc1,,LogS,,=,-1.59,,0
615,CC(CCC(=O)O)C1CCC2C3C(O)CC4CC(O)CCC4(C)C3CCC12C,CC(CCC(=O)O)C1CCC2C3C(O)CC4CC(O)CCC4(C)C3CCC12C,,LogS,,=,-3.64,,0
607,O=C(Nc1ccccc1)c1ccccc1O,O=C(Nc1ccccc1)c1ccccc1O,,LogS,,=,-3.59,,0
1249,Cc1ccccc1N,Cc1ccccc1N,,LogS,,=,-0.85,,0
417,ClCC(Br)CBr,ClCC(Br)CBr,,LogS,,=,-2.38,,0
1102,c1ccc2nc(-c3ccc4ccccc4n3)ccc2c1,c1ccc2nc(-c3ccc4ccccc4n3)ccc2c1,,LogS,,=,-5.4,,0
486,CCCCCCCCC(=O)O,CCCCCCCCC(=O)O,,LogS,,=,-2.75,,0
549,CCc1ccccc1C,CCc1ccccc1C,,LogS,,=,-3.21,,0
1254,O=C(O)C(CO)c1ccccc1,O=C(O)C(CO)c1ccccc1,,LogS,,=,-0.93,,0
618,ClC(Cl)(Cl)C(Cl)(Cl)Cl,ClC(Cl)(Cl)C(Cl)(Cl)Cl,,LogS,,=,-3.67,,0
294,CCN(CC)CC(=O)Nc1c(C)cccc1C,CCN(CC)CC(=O)Nc1c(C)cccc1C,,LogS,,=,-1.76,,0
402,NNC(=O)Nc1ccccc1,NNC(=O)Nc1ccccc1,,LogS,,=,-2.33,,0
220,CC(=O)Nc1ccccc1Cl,CC(=O)Nc1ccccc1Cl,,LogS,,=,-1.4,,0
7,c1ccnnc1,c1ccnnc1,,LogS,,=,1.1,,1
48,CC(C)(C)OC(N)=O,CC(C)(C)OC(N)=O,,LogS,,=,0.1,,1
283,C=CCC1(C(C)C)C(=O)NC(=O)NC1=O,C=CCC1(C(C)C)C(=O)NC(=O)NC1=O,,LogS,,=,-1.71,,0
913,Cc1cc(O)ccc1OP(=O)(Oc1cc(O)ccc1C)Oc1c(C)cccc1O,Cc1cc(O)ccc1OP(=O)(Oc1cc(O)ccc1C)Oc1c(C)cccc1O,,LogS,,=,-6.7,,0
415,CCCCBr,CCCCBr,,LogS,,=,-2.37,,0
647,Cc1c[nH]c(=O)[nH]c1=O,Cc1c[nH]c(=O)[nH]c1=O,,LogS,,=,-1.52,,0
1234,CCOC(C)C,CCOC(C)C,,LogS,,=,-0.55,,0
1195,OCC1OC(O)C(O)C(O)C1O,OCC1OC(O)C(O)C(O)C1O,,LogS,,=,0.74,,1
232,COc1ccc(C=O)cc1,COc1ccc(C=O)cc1,,LogS,,=,-1.49,,0
958,CCCCCCBr,CCCCCCBr,,LogS,,=,-3.81,,0
1023,Brc1ccc2ccccc2c1,Brc1ccc2ccccc2c1,,LogS,,=,-4.4,,0
244,Cc1cccc(C)c1NC(=O)C1CCCCN1C,Cc1cccc(C)c1NC(=O)C1CCCCN1C,,LogS,,=,-1.55,,0
1039,C#CC1(O)CCC2C3CCC4=CC(=O)CCC4C3CCC21C,C#CC1(O)CCC2C3CCC4=CC(=O)CCC4C3CCC21C,,LogS,,=,-4.57,,0
1248,CN(C)C(=O)OC1=CC(=O)CC(C)(C)C1,CN(C)C(=O)OC1=CC(=O)CC(C)(C)C1,,LogS,,=,-0.85,,0
255,c1ccc(C2CO2)cc1,c1ccc(C2CO2)cc1,,LogS,,=,-1.6,,0
875,CC(C)(C)C(=O)OCC(=O)C1(O)CCC2C3CCC4=CC(=O)C=CC4(C)C3C(O)CC21C,CC(C)(C)C(=O)OCC(=O)C1(O)CCC2C3CCC4=CC(=O)C=CC4(C)C3C(O)CC21C,,LogS,,=,-4.58,,0
1054,O=C(Nc1ccc([N+](=O)[O-])cc1Cl)c1cc(Cl)ccc1O,O=C(Nc1ccc([N+](=O)[O-])cc1Cl)c1cc(Cl)ccc1O,,LogS,,=,-4.7,,0
555,CC(=O)Nc1ccc(I)cc1,CC(=O)Nc1ccc(I)cc1,,LogS,,=,-3.25,,0
1305,OC[C@H]1OC(O)(CO)[C@@H](O)[C@@H]1O,OC[C@H]1OC(O)(CO)[C@@H](O)[C@@H]1O,,LogS,,=,0.64,,1
1198,O=C(O)CC(O)(CC(=O)O)C(=O)O,O=C(O)CC(O)(CC(=O)O)C(=O)O,,LogS,,=,0.51,,1
93,CC(=O)CC1CCCCN1,CC(=O)CC1CCCCN1,,LogS,,=,-0.45,,0
1114,ClC1=C(Cl)C2(Cl)C3CC=CC3C1(Cl)C2(Cl)Cl,ClC1=C(Cl)C2(Cl)C3CC=CC3C1(Cl)C2(Cl)Cl,,LogS,,=,-5.64,,0
1178,c1cc2cccc3c4cccc5cccc(c(c1)c23)c54,c1cc2cccc3c4cccc5cccc(c(c1)c23)c54,,LogS,,=,-8.8,,0
971,C=C(C)C1CC=C(C)CC1,C=C(C)C1CC=C(C)CC1,,LogS,,=,-4,,0
761,O=C(c1ccccc1)C(O)c1ccccc1,O=C(c1ccccc1)C(O)c1ccccc1,,LogS,,=,-2.85,,0
558,COC(=O)c1cc(Cl)cc(N)c1Cl,COC(=O)c1cc(Cl)cc(N)c1Cl,,LogS,,=,-3.26,,0
1,CNN,CNN,,LogS,,=,1.34,,1
531,CN(C)C1C(O)=C(C(N)=O)C(=O)C2(O)C(O)=C3C(=O)c4c(O)cccc4C(C)(O)C3CC12,CN(C)C1C(O)=C(C(N)=O)C(=O)C2(O)C(O)=C3C(=O)c4c(O)cccc4C(C)(O)C3CC12,,LogS,,=,-3.12,,0
237,Nc1ccccc1C(=O)O,Nc1ccccc1C(=O)O,,LogS,,=,-1.52,,0
681,N=C(N)NS(=O)(=O)c1ccc(N)cc1,N=C(N)NS(=O)(=O)c1ccc(N)cc1,,LogS,,=,-1.99,,0
468,CN(C)CCN(Cc1cccs1)c1ccccn1,CN(C)CCN(Cc1cccs1)c1ccccn1,,LogS,,=,-2.64,,0
426,COc1ccc([N+](=O)[O-])cc1,COc1ccc([N+](=O)[O-])cc1,,LogS,,=,-2.41,,0
25,O=c1ccnc[nH]1,O=c1ccnc[nH]1,,LogS,,=,0.59,,1
140,C=CCSS(=O)CC=C,C=CCS[S+]([O-])CC=C,,LogS,,=,-0.83,,0
811,CCSC(=O)N(CC(C)C)CC(C)C,CCSC(=O)N(CC(C)C)CC(C)C,,LogS,,=,-3.68,,0
442,CCCC(C)C1(CC)C(=O)NC(=O)NC1=O,CCCC(C)C1(CC)C(=O)NC(=O)NC1=O,,LogS,,=,-2.52,,0
131,c1ccc2[nH]nnc2c1,c1ccc2[nH]nnc2c1,,LogS,,=,-0.78,,0
513,CCOC(=O)C=Cc1ccccc1,CCOC(=O)C=Cc1ccccc1,,LogS,,=,-3,,0
1186,C1COCCN1,C1COCCN1,,LogS,,=,1.06,,1
1287,Nc1ccc(S(N)(=O)=O)cc1,Nc1ccc(S(N)(=O)=O)cc1,,LogS,,=,-1.36,,0
937,CCOC(=O)c1ccc(N)cc1,CCOC(=O)c1ccc(N)cc1,,LogS,,=,-2.32,,0
2,CC(=O)O,CC(=O)O,,LogS,,=,1.22,,1
744,CCC1(C2=CC3CCC(C2)C3)C(=O)NC(=O)NC1=O,CCC1(C2=CC3CCC(C2)C3)C(=O)NC(=O)NC1=O,,LogS,,=,-2.64,,0
816,CC(C)(C)c1nnc(NS(=O)(=O)c2ccc(N)cc2)s1,CC(C)(C)c1nnc(NS(=O)(=O)c2ccc(N)cc2)s1,,LogS,,=,-3.74,,0
1075,O=C1C(Cl)=C(NC(=O)C(Cl)Cl)C(=O)c2ccccc21,O=C1C(Cl)=C(NC(=O)C(Cl)Cl)C(=O)c2ccccc21,,LogS,,=,-5.03,,0
157,CC(O)c1ccccc1,CC(O)c1ccccc1,,LogS,,=,-0.92,,0
340,CC(Cl)(Cl)Cl,CC(Cl)(Cl)Cl,,LogS,,=,-2,,0
1027,Cn1cc(-c2ccccc2)c(=O)c(-c2cccc(C(F)(F)F)c2)c1,Cn1cc(-c2ccccc2)c(=O)c(-c2cccc(C(F)(F)F)c2)c1,,LogS,,=,-4.44,,0
304,CCCCCCCO,CCCCCCCO,,LogS,,=,-1.81,,0
698,CC(Br)CBr,CC(Br)CBr,,LogS,,=,-2.15,,0
906,Clc1ccc(-c2ccc(Cl)cc2Cl)cc1,Clc1ccc(-c2ccc(Cl)cc2Cl)cc1,,LogS,,=,-6.21,,0
646,Nc1ccccc1Cl,Nc1ccccc1Cl,,LogS,,=,-1.52,,0
700,C=C(C)C1CCC(C)C(=O)C1,C=C(C)C1CCC(C)C(=O)C1,,LogS,,=,-2.18,,0
778,O=C(c1ccccc1)c1ccccc1,O=C(c1ccccc1)c1ccccc1,,LogS,,=,-3.12,,0
272,CC12CCC(CC1)C(C)(C)O2,CC12CCC(CC1)C(C)(C)O2,,LogS,,=,-1.64,,0
1081,CCCCSP(=O)(SCCCC)SCCCC,CCCCSP(=O)(SCCCC)SCCCC,,LogS,,=,-5.14,,0
380,O=C(O)C(O)(c1ccccc1)c1ccccc1,O=C(O)C(O)(c1ccccc1)c1ccccc1,,LogS,,=,-2.21,,0
635,COc1cc(Cc2cnc(N)nc2N)cc(OC)c1OC,COc1cc(Cc2cnc(N)nc2N)cc(OC)c1OC,,LogS,,=,-2.86,,0
291,CCCCC(=O)OCC,CCCCC(=O)OCC,,LogS,,=,-1.75,,0
443,COc1cc(Cl)c(Cl)cc1O,COc1cc(Cl)c(Cl)cc1O,,LogS,,=,-2.53,,0
1161,Clc1ccc(Cl)c(-c2c(Cl)c(Cl)cc(Cl)c2Cl)c1,Clc1ccc(Cl)c(-c2c(Cl)c(Cl)cc(Cl)c2Cl)c1,,LogS,,=,-7.42,,0
679,Fc1ccc(F)cc1,Fc1ccc(F)cc1,,LogS,,=,-1.97,,0
939,Cn1c(=O)c2nc[nH]c2n(C)c1=O,Cn1c(=O)c2nc[nH]c2n(C)c1=O,,LogS,,=,-1.37,,0
959,CC(CCC(=O)O)C1CCC2C3CC(O)C4CC(O)CCC4(C)C3CCC12C,CC(CCC(=O)O)C1CCC2C3CC(O)C4CC(O)CCC4(C)C3CCC12C,,LogS,,=,-3.82,,0
1014,c1ccc(-c2ccccc2)cc1,c1ccc(-c2ccccc2)cc1,,LogS,,=,-4.31,,0
499,Cc1ccnc(NS(=O)(=O)c2ccc(N)cc2)n1,Cc1ccnc(NS(=O)(=O)c2ccc(N)cc2)n1,,LogS,,=,-2.85,,0
675,Nc1ncnc2c1ccn2C1OC(CO)C(O)C1O,Nc1ncnc2c1ccn2C1OC(CO)C(O)C1O,,LogS,,=,-1.95,,0
1213,CCC(=O)OC,CCC(=O)OC,,LogS,,=,-0.14,,0
369,O=C(O)COc1ccccc1Cl,O=C(O)COc1ccccc1Cl,,LogS,,=,-2.16,,0
97,NCC(O)c1ccccc1,NCC(O)c1ccccc1,,LogS,,=,-0.48,,0
79,CC(C)(C(=O)O)C(C)(CC(=O)O)C(=O)O,CC(C)(C(=O)O)C(C)(CC(=O)O)C(=O)O,,LogS,,=,-0.29,,0
962,Clc1cccc2ccccc12,Clc1cccc2ccccc12,,LogS,,=,-3.93,,0
498,CC(=O)Nc1ccc(Cl)cc1,CC(=O)Nc1ccc(Cl)cc1,,LogS,,=,-2.84,,0
397,ClC(Cl)(Cl)Cl,ClC(Cl)(Cl)Cl,,LogS,,=,-2.31,,0
857,CCc1ccc2ccccc2c1,CCc1ccc2ccccc2c1,,LogS,,=,-4.29,,0
483,CCc1cccc(C)c1N(C(=O)CCl)C(C)COC,CCc1cccc(C)c1N(C(=O)CCl)C(C)COC,,LogS,,=,-2.73,,0
967,Cc1ccnc2c1ccc1c(C)ccnc12,Cc1ccnc2c1ccc1c(C)ccnc12,,LogS,,=,-3.97,,0
58,CCC1NC(=O)NC1=O,CCC1NC(=O)NC1=O,,LogS,,=,-0.06,,0
717,CC(=O)Nc1nnc(S(N)(=O)=O)s1,CC(=O)Nc1nnc(S(N)(=O)=O)s1,,LogS,,=,-2.36,,0
257,CC(=O)CC(=O)CC(C)C,CC(=O)CC(=O)CC(C)C,,LogS,,=,-1.6,,0
727,Cc1ccc([N+](=O)[O-])cc1,Cc1ccc([N+](=O)[O-])cc1,,LogS,,=,-2.49,,0
1270,O=C(O)c1cc(O)c(O)c(O)c1,O=C(O)c1cc(O)c(O)c(O)c1,,LogS,,=,-1.16,,0
582,C=C(Cl)CSC(=S)N(CC)CC,C=C(Cl)CSC(=S)N(CC)CC,,LogS,,=,-3.39,,0
605,NS(=O)(=O)c1cc2c(cc1C(F)(F)F)NC(Cc1ccccc1)NS2(=O)=O,NS(=O)(=O)c1cc2c(cc1C(F)(F)F)NC(Cc1ccccc1)NS2(=O)=O,,LogS,,=,-3.59,,0
519,CCCCc1c(C)nc(NCC)nc1O,CCCCc1c(C)nc(NCC)nc1O,,LogS,,=,-3.02,,0
139,CCCC(=O)OC,CCCC(=O)OC,,LogS,,=,-0.82,,0
1106,O=[N+]([O-])c1ccc(Oc2ccc(Cl)cc2Cl)cc1,O=[N+]([O-])c1ccc(Oc2ccc(Cl)cc2Cl)cc1,,LogS,,=,-5.46,,0
387,CCCCc1c(C)nc(N(C)C)nc1O,CCCCc1c(C)nc(N(C)C)nc1O,,LogS,,=,-2.24,,0
1113,CCCCOC(=O)c1ccccc1C(=O)OCc1ccccc1,CCCCOC(=O)c1ccccc1C(=O)OCc1ccccc1,,LogS,,=,-5.64,,0
1009,C[C@H]1CCCC[C@H]1C,C[C@H]1CCCC[C@H]1C,,LogS,,=,-4.27,,0
414,CCOc1ccc(NC(C)=O)cc1,CCOc1ccc(NC(C)=O)cc1,,LogS,,=,-2.37,,0
12,Oc1ccncc1,Oc1ccncc1,,LogS,,=,1.02,,1
116,Oc1ccc(Cl)cc1,Oc1ccc(Cl)cc1,,LogS,,=,-0.7,,0
152,CCCC(C(C)=O)C(C)=O,CCCC(C(C)=O)C(C)=O,,LogS,,=,-0.88,,0
302,CNC(=O)Oc1cccc(C)c1,CNC(=O)Oc1cccc(C)c1,,LogS,,=,-1.8,,0
463,O=[N+]([O-])OC1COC2C(O[N+](=O)[O-])COC12,O=[N+]([O-])OC1COC2C(O[N+](=O)[O-])COC12,,LogS,,=,-2.63,,0
1086,O=C1c2ccccc2C(=O)c2ccccc21,O=C1c2ccccc2C(=O)c2ccccc21,,LogS,,=,-5.19,,0
13,Oc1ccccn1,Oc1ccccn1,,LogS,,=,1.02,,1
752,CCCCCCCCN,CCCCCCCCN,,LogS,,=,-2.75,,0
392,O=C1NC(=O)C([N+](=O)[O-])C(=O)N1,O=C1NC(=O)C([N+](=O)[O-])C(=O)N1,,LogS,,=,-2.28,,0
1276,Cc1ncc([N+](=O)[O-])n1CCO,Cc1ncc([N+](=O)[O-])n1CCO,,LogS,,=,-1.26,,0
696,O=C(NC(CO)C(O)c1ccc([N+](=O)[O-])cc1)C(Cl)Cl,O=C(NC(CO)C(O)c1ccc([N+](=O)[O-])cc1)C(Cl)Cl,,LogS,,=,-2.11,,0
1141,Clc1ccc(-c2cc(Cl)ccc2Cl)c(Cl)c1,Clc1ccc(-c2cc(Cl)ccc2Cl)c(Cl)c1,,LogS,,=,-6.57,,0
1029,c1ccc(N=Nc2ccccc2)cc1,c1ccc(N=Nc2ccccc2)cc1,,LogS,,=,-4.45,,0
847,COc1ccc2c(c1OC)C(=O)OC2C1c2cc3c(cc2CCN1C)OCO3,COc1ccc2c(c1OC)C(=O)OC2C1c2cc3c(cc2CCN1C)OCO3,,LogS,,=,-4.11,,0
464,CCC(=O)c1ccc(N)cc1,CCC(=O)c1ccc(N)cc1,,LogS,,=,-2.63,,0
840,CC(=O)OCC(=O)C1(O)CCC2C3CCC4=CC(=O)CCC4(C)C3C(=O)CC21C,CC(=O)OCC(=O)C1(O)CCC2C3CCC4=CC(=O)CCC4(C)C3C(=O)CC21C,,LogS,,=,-4,,0
1094,CC12CCC3C(=CCc4cc(O)ccc43)C1CCC2=O,CC12CCC3C(=CCc4cc(O)ccc43)C1CCC2=O,,LogS,,=,-5.28,,0
87,CC(C)C(C)CO,CC(C)C(C)CO,,LogS,,=,-0.39,,0
1030,CC(=O)OC1CCC2(C)C(=CCC3C4CCC(=O)C4(C)CCC32)C1,CC(=O)OC1CCC2(C)C(=CCC3C4CCC(=O)C4(C)CCC32)C1,,LogS,,=,-4.46,,0
108,CC(O)C(C)(C)C,CC(O)C(C)(C)C,,LogS,,=,-0.62,,0
267,CCCOCCC,CCCOCCC,,LogS,,=,-1.62,,0
929,c1ccc2cc3c(cc2c1)-c1cccc2cccc-3c12,c1ccc2cc3c(cc2c1)-c1cccc2cccc-3c12,,LogS,,=,-8.49,,0
766,CC12CCC(=O)C=C1CCC1C2C(O)CC2(C)C1CCC2(O)C(=O)CO,CC12CCC(=O)C=C1CCC1C2C(O)CC2(C)C1CCC2(O)C(=O)CO,,LogS,,=,-2.97,,0
429,Cc1cc(=O)[nH]c(=S)[nH]1,Cc1cc(=O)[nH]c(=S)[nH]1,,LogS,,=,-2.43,,0
1110,CCCCN(CC)c1c([N+](=O)[O-])cc(C(F)(F)F)cc1[N+](=O)[O-],CCCCN(CC)c1c([N+](=O)[O-])cc(C(F)(F)F)cc1[N+](=O)[O-],,LogS,,=,-5.53,,0
65,CCN(CC)CC,CCN(CC)CC,,LogS,,=,-0.14,,0
86,CCCOC,CCCOC,,LogS,,=,-0.39,,0
509,NC(=O)c1ccccc1C(N)=O,NC(=O)c1ccccc1C(N)=O,,LogS,,=,-2.92,,0
251,Cc1cc(O)ccc1Cl,Cc1cc(O)ccc1Cl,,LogS,,=,-1.57,,0
419,Oc1ncnc2[nH]ncc12,Oc1ncnc2[nH]ncc12,,LogS,,=,-2.38,,0
290,Cc1ccc(S(N)(=O)=O)cc1,Cc1ccc(S(N)(=O)=O)cc1,,LogS,,=,-1.74,,0
1019,O=C(O)c1ccccc1Nc1cccc(C(F)(F)F)c1,O=C(O)c1ccccc1Nc1cccc(C(F)(F)F)c1,,LogS,,=,-4.36,,0
724,Oc1cccc2cccnc12,Oc1cccc2cccnc12,,LogS,,=,-2.42,,0
879,CC(=O)C1CCC2C3CC=C4CC(O)CCC4(C)C3CCC12C,CC(=O)C1CCC2C3CC=C4CC(O)CCC4(C)C3CCC12C,,LogS,,=,-4.65,,0
494,Cn1c(=O)on(-c2ccc(Cl)c(Cl)c2)c1=O,Cn1c(=O)on(-c2ccc(Cl)c(Cl)c2)c1=O,,LogS,,=,-2.82,,0
1049,CCCCCc1ccccc1,CCCCCc1ccccc1,,LogS,,=,-4.64,,0
902,c1cc2c3c(ccc4c3c1CCC4)CCC2,c1cc2c3c(ccc4c3c1CCC4)CCC2,,LogS,,=,-5.96,,0
437,Cc1[nH]c(=O)n(C(C)(C)C)c(=O)c1Cl,Cc1[nH]c(=O)n(C(C)(C)C)c(=O)c1Cl,,LogS,,=,-2.48,,0
194,CC(C)C(O)C(C)C,CC(C)C(O)C(C)C,,LogS,,=,-1.22,,0
95,COC(=O)c1cccnc1,COC(=O)c1cccnc1,,LogS,,=,-0.46,,0
797,CCSC(=O)N(CC)C1CCCCC1,CCSC(=O)N(CC)C1CCCCC1,,LogS,,=,-3.4,,0
325,CCCCCCOC(N)=O,CCCCCCOC(N)=O,,LogS,,=,-1.92,,0
1297,CCCCCOC(N)=O,CCCCCOC(N)=O,,LogS,,=,-1.47,,0
1149,Cc1ccc2cc3ccccc3cc2c1,Cc1ccc2cc3ccccc3cc2c1,,LogS,,=,-6.96,,0
1267,CCCC(C)CO,CCCC(C)CO,,LogS,,=,-1.11,,0
915,COc1ccc(C(c2ccc(OC)cc2)C(Cl)(Cl)Cl)cc1,COc1ccc(C(c2ccc(OC)cc2)C(Cl)(Cl)Cl)cc1,,LogS,,=,-6.89,,0
345,CC(=O)c1ccc(S(=O)(=O)NC(=O)NC2CCCCC2)cc1,CC(=O)c1ccc(S(=O)(=O)NC(=O)NC2CCCCC2)cc1,,LogS,,=,-2.06,,0
128,NC(=O)CC(N)C(=O)O,NC(=O)CC(N)C(=O)O,,LogS,,=,-0.74,,0
1015,CC1CCCCC1C,CC1CCCCC1C,,LogS,,=,-4.33,,0
1217,NC(=O)OCc1ccccc1,NC(=O)OCc1ccccc1,,LogS,,=,-0.35,,0
104,NC(=O)CCC(N)C(=O)O,NC(=O)CCC(N)C(=O)O,,LogS,,=,-0.55,,0
1032,CC1CCC(C)CC1,CC1CCC(C)CC1,,LogS,,=,-4.47,,0
864,C=C(C)C1Cc2c(ccc3c2OC2COc4cc(OC)c(OC)cc4C2C3=O)O1,C=C(C)C1Cc2c(ccc3c2OC2COc4cc(OC)c(OC)cc4C2C3=O)O1,,LogS,,=,-4.42,,0
179,COc1ncnc2nccnc12,COc1ncnc2nccnc12,,LogS,,=,-1.11,,0
633,Cc1ccc2ccccc2c1,Cc1ccc2ccccc2c1,,LogS,,=,-3.77,,0
406,CCc1cccc(CC)c1N,CCc1cccc(CC)c1N,,LogS,,=,-2.35,,0
853,CC(CN1c2ccccc2Sc2ccccc21)N(C)C,CC(CN1c2ccccc2Sc2ccccc21)N(C)C,,LogS,,=,-4.26,,0
211,CCc1ccccc1O,CCc1ccccc1O,,LogS,,=,-1.36,,0
1018,CCC(=C(CC)c1ccc(O)cc1)c1ccc(O)cc1,CCC(=C(CC)c1ccc(O)cc1)c1ccc(O)cc1,,LogS,,=,-4.35,,0
586,Cc1cc(C)cc(C)c1,Cc1cc(C)cc(C)c1,,LogS,,=,-3.4,,0
393,CCCI,CCCI,,LogS,,=,-2.29,,0
918,Clc1cccc(-c2ccc(Cl)c(Cl)c2Cl)c1Cl,Clc1cccc(-c2ccc(Cl)c(Cl)c2Cl)c1Cl,,LogS,,=,-7.05,,0
378,CCC1(C(C)C)C(=O)NC(=O)NC1=O,CCC1(C(C)C)C(=O)NC(=O)NC1=O,,LogS,,=,-2.21,,0
1224,CC(C)C(C)(C)O,CC(C)C(C)(C)O,,LogS,,=,-0.41,,0
759,CC(C)(c1ccc(O)cc1)c1ccc(O)cc1,CC(C)(c1ccc(O)cc1)c1ccc(O)cc1,,LogS,,=,-2.82,,0
321,CN1C2CCC1CC(OC(=O)C(CO)c1ccccc1)C2,CN1C2CCC1CC(OC(=O)C(CO)c1ccccc1)C2,,LogS,,=,-1.91,,0
799,Ic1[nH]c(I)c(I)c1I,Ic1[nH]c(I)c(I)c1I,,LogS,,=,-3.46,,0
1130,Clc1ccc(-c2cccc(Cl)c2Cl)cc1,Clc1ccc(-c2cccc(Cl)c2Cl)cc1,,LogS,,=,-6.26,,0
460,Cc1cc(NS(=O)(=O)c2ccc(N)cc2)no1,Cc1cc(NS(=O)(=O)c2ccc(N)cc2)no1,,LogS,,=,-2.62,,0
762,Cc1cc(Cl)ccc1N=CN(C)C,Cc1cc(Cl)ccc1N=CN(C)C,,LogS,,=,-2.86,,0
691,BrCCCBr,BrCCCBr,,LogS,,=,-2.08,,0
407,CCOC(=O)c1ccccc1C(=O)OCC,CCOC(=O)c1ccccc1C(=O)OCC,,LogS,,=,-2.35,,0
1111,CCOP(=S)(OCC)SCSP(=S)(OCC)OCC,CCOP(=S)(OCC)SCSP(=S)(OCC)OCC,,LogS,,=,-5.54,,0
1025,CCCCOC(=O)c1ccccc1C(=O)OCCCC,CCCCOC(=O)c1ccccc1C(=O)OCCCC,,LogS,,=,-4.4,,0
1226,CCOC(C)OCC,CCOC(C)OCC,,LogS,,=,-0.43,,0
1152,Clc1ccc(C(c2ccc(Cl)cc2)C(Cl)Cl)cc1,Clc1ccc(C(c2ccc(Cl)cc2)C(Cl)Cl)cc1,,LogS,,=,-7.2,,0
517,CN(C)C(=O)NC1CC2CC1C1CCCC21,CN(C)C(=O)NC1CC2CC1C1CCCC21,,LogS,,=,-3.01,,0
1063,CCN(CC)C(=S)SSC(=S)N(CC)CC,CCN(CC)C(=S)SSC(=S)N(CC)CC,,LogS,,=,-4.86,,0
1183,CNC(N)=O,CNC(N)=O,,LogS,,=,1.13,,1
465,CCCC(C)Cl,CCCC(C)Cl,,LogS,,=,-2.63,,0
1194,CN1CCCC1c1cccnc1,CN1CCCC1c1cccnc1,,LogS,,=,0.79,,1
836,c1ccc(Oc2ccccc2)cc1,c1ccc(Oc2ccccc2)cc1,,LogS,,=,-3.96,,0
384,O=[N+]([O-])OCC(CO[N+](=O)[O-])O[N+](=O)[O-],O=[N+]([O-])OCC(CO[N+](=O)[O-])O[N+](=O)[O-],,LogS,,=,-2.22,,0
1101,CCCCCCCCOC(=O)c1ccc(N)cc1,CCCCCCCCOC(=O)c1ccc(N)cc1,,LogS,,=,-5.4,,0
145,C=COCC,C=COCC,,LogS,,=,-0.85,,0
405,CCC1(c2ccccc2)CCC(=O)NC1=O,CCC1(c2ccccc2)CCC(=O)NC1=O,,LogS,,=,-2.34,,0
934,Clc1cc(-c2c(Cl)c(Cl)c(Cl)c(Cl)c2Cl)c(Cl)c(Cl)c1Cl,Clc1cc(-c2c(Cl)c(Cl)c(Cl)c(Cl)c2Cl)c(Cl)c(Cl)c1Cl,,LogS,,=,-10.26,,0
651,NC(=O)NC1NC(=O)NC1=O,NC(=O)NC1NC(=O)NC1=O,,LogS,,=,-1.6,,0
729,OC(Cc1ccccc1)c1ccccc1,OC(Cc1ccccc1)c1ccccc1,,LogS,,=,-2.52,,0
278,BrCCBr,BrCCBr,,LogS,,=,-1.68,,0
964,Oc1ccc(Cl)cc1Cc1cc(Cl)ccc1O,Oc1ccc(Cl)cc1Cc1cc(Cl)ccc1O,,LogS,,=,-3.95,,0
70,CCCC(C)=O,CCCC(C)=O,,LogS,,=,-0.19,,0
316,CCOC(=O)C1(c2ccccc2)CCN(C)CC1,CCOC(=O)C1(c2ccccc2)CCN(C)CC1,,LogS,,=,-1.89,,0
381,Oc1cccc2ccccc12,Oc1cccc2ccccc12,,LogS,,=,-2.22,,0
1028,C=CCCCCCC,C=CCCCCCC,,LogS,,=,-4.44,,0
954,Clc1ccc(C(c2ccc(Cl)cc2)C(Cl)(Cl)Cl)cc1,Clc1ccc(C(c2ccc(Cl)cc2)C(Cl)(Cl)Cl)cc1,,LogS,,=,-8.08,,0
360,O=C(O)c1ccccc1C(=O)O,O=C(O)c1ccccc1C(=O)O,,LogS,,=,-2.11,,0
0,CC(N)=O,CC(N)=O,,LogS,,=,1.58,,1
27,COC=O,COC=O,,LogS,,=,0.58,,1
32,COCOC,COCOC,,LogS,,=,0.48,,1
1191,C=CC(N)=O,C=CC(N)=O,,LogS,,=,0.96,,1
111,CCCCOC(N)=O,CCCCOC(N)=O,,LogS,,=,-0.66,,0
892,CC12CCc3c(ccc4cc(O)ccc34)C1CCC2=O,CC12CCc3c(ccc4cc(O)ccc34)C1CCC2=O,,LogS,,=,-5.24,,0
649,NS(=O)(=O)c1ccccc1,NS(=O)(=O)c1ccccc1,,LogS,,=,-1.56,,0
457,ClC(Cl)C(Cl)(Cl)Cl,ClC(Cl)C(Cl)(Cl)Cl,,LogS,,=,-2.6,,0
754,Cc1ccc(C)cc1,Cc1ccc(C)cc1,,LogS,,=,-2.77,,0
546,CCCCC,CCCCC,,LogS,,=,-3.18,,0
109,Cc1c(N(C)C)c(=O)n(-c2ccccc2)n1C,Cc1c(N(C)C)c(=O)n(-c2ccccc2)n1C,,LogS,,=,-0.63,,0
982,CC12CCC3C(CC=C4CC(O)CCC43C)C1CCC2=O,CC12CCC3C(CC=C4CC(O)CCC43C)C1CCC2=O,,LogS,,=,-4.12,,0
155,CC(=O)NC(N)=O,CC(=O)NC(N)=O,,LogS,,=,-0.9,,0
600,Cc1ccccc1Cl,Cc1ccccc1Cl,,LogS,,=,-3.52,,0
536,Fc1ccc(I)cc1,Fc1ccc(I)cc1,,LogS,,=,-3.13,,0
1093,Clc1ccccc1-c1ccccc1Cl,Clc1ccccc1-c1ccccc1Cl,,LogS,,=,-5.27,,0
945,O=C1NC(=O)C(c2ccccc2)(c2ccccc2)N1,O=C1NC(=O)C(c2ccccc2)(c2ccccc2)N1,,LogS,,=,-3.99,,0
628,CCCCC1C(=O)N(c2ccccc2)N(c2ccc(O)cc2)C1=O,CCCCC1C(=O)N(c2ccccc2)N(c2ccc(O)cc2)C1=O,,LogS,,=,-3.73,,0
1117,CCCCCCCCCCCCCCCCCC(=O)O,CCCCCCCCCCCCCCCCCC(=O)O,,LogS,,=,-5.68,,0
147,CCC(O)(CC)CC,CCC(O)(CC)CC,,LogS,,=,-0.85,,0
191,COC(=O)C1C2C=CC(C2)C1C(=O)OC,COC(=O)C1C2C=CC(C2)C1C(=O)OC,,LogS,,=,-1.2,,0
1017,CC(CCC(=O)O)C1CCC2C3CC(O)C4CC(O)CCC4(C)C3CC(O)C12C,CC(CCC(=O)O)C1CCC2C3CC(O)C4CC(O)CCC4(C)C3CC(O)C12C,,LogS,,=,-4.35,,0
1125,CCCCCCCCCCCCCCO,CCCCCCCCCCCCCCO,,LogS,,=,-6.05,,0
144,CN(N=O)C(N)=O,CN(N=O)C(N)=O,,LogS,,=,-0.85,,0
198,CCCCCCO,CCCCCCO,,LogS,,=,-1.24,,0
804,O=C1CC(c2ccc(O)c(O)c2)Oc2cc(O)cc(O)c21,O=C1CC(c2ccc(O)c(O)c2)Oc2cc(O)cc(O)c21,,LogS,,=,-3.62,,0
935,Clc1cc(Cl)c(Cl)c(-c2c(Cl)c(Cl)c(Cl)c(Cl)c2Cl)c1Cl,Clc1cc(Cl)c(Cl)c(-c2c(Cl)c(Cl)c(Cl)c(Cl)c2Cl)c1Cl,,LogS,,=,-10.41,,0
1295,O=C(O)C1CCCCC1,O=C(O)C1CCCCC1,,LogS,,=,-1.45,,0
1132,ClC1=C(Cl)[C@]2(Cl)C3C([C@@H]4C[C@H]3C3OC34)[C@]1(Cl)C2(Cl)Cl,ClC1=C(Cl)[C@]2(Cl)C3C([C@@H]4C[C@H]3C3OC34)[C@]1(Cl)C2(Cl)Cl,,LogS,,=,-6.29,,0
1292,CC1(C(=O)O)CCC(C(=O)O)C1(C)C,CC1(C(=O)O)CCC(C(=O)O)C1(C)C,,LogS,,=,-1.42,,0
1159,Clc1cccc(Cl)c1-c1c(Cl)cccc1Cl,Clc1cccc(Cl)c1-c1c(Cl)cccc1Cl,,LogS,,=,-7.39,,0
435,CC(Oc1ccc(Cl)cc1Cl)C(=O)O,CC(Oc1ccc(Cl)cc1Cl)C(=O)O,,LogS,,=,-2.45,,0
81,OCc1ccccc1O,OCc1ccccc1O,,LogS,,=,-0.29,,0
883,COP(=S)(OC)Oc1nc(Cl)c(Cl)cc1Cl,COP(=S)(OC)Oc1nc(Cl)c(Cl)cc1Cl,,LogS,,=,-4.82,,0
726,CC1CCC(C(C)C)C(=O)C1,CC1CCC(C(C)C)C(=O)C1,,LogS,,=,-2.49,,0
219,CCN(CC)CCOC(=O)c1ccc(N)cc1,CCN(CC)CCOC(=O)c1ccc(N)cc1,,LogS,,=,-1.4,,0
1041,S=C=Nc1cccc2ccccc12,S=C=Nc1cccc2ccccc12,,LogS,,=,-4.6,,0
1188,CN1CCCC1=O,CN1CCCC1=O,,LogS,,=,1,,1
539,COc1ccc2c(c1OC)C(=O)OC2C1c2c(cc3c(c2OC)OCO3)CCN1C,COc1ccc2c(c1OC)C(=O)OC2C1c2c(cc3c(c2OC)OCO3)CCN1C,,LogS,,=,-3.14,,0
250,Cn1c(=O)[nH]c2[nH]c(=O)[nH]c2c1=O,Cn1c(=O)[nH]c2[nH]c(=O)[nH]c2c1=O,,LogS,,=,-1.56,,0
396,Fc1cc(F)c(F)c(F)c1,Fc1cc(F)c(F)c(F)c1,,LogS,,=,-2.31,,0
867,CCCCCCCBr,CCCCCCCBr,,LogS,,=,-4.43,,0
276,CC(=O)OC1CCCCC1,CC(=O)OC1CCCCC1,,LogS,,=,-1.67,,0
1067,Nc1ccc(-c2ccc(N)c(Cl)c2)cc1Cl,Nc1ccc(-c2ccc(N)c(Cl)c2)cc1Cl,,LogS,,=,-4.92,,0
129,N#CC(OC1OC(COC2OC(CO)C(O)C(O)C2O)C(O)C(O)C1O)c1ccccc1,N#CC(OC1OC(COC2OC(CO)C(O)C(O)C2O)C(O)C(O)C1O)c1ccccc1,,LogS,,=,-0.77,,0
162,O=Cc1ccc(O)cc1,O=Cc1ccc(O)cc1,,LogS,,=,-0.96,,0
528,CCc1ccc(C)cc1,CCc1ccc(C)cc1,,LogS,,=,-3.11,,0
710,BrC1CCCCC1,BrC1CCCCC1,,LogS,,=,-2.3,,0
1255,CC1CCCCC1=O,CC1CCCCC1=O,,LogS,,=,-0.94,,0
1169,Cc1ccc2cc3c(ccc4ccccc43)c3c2c1CC3,Cc1ccc2cc3c(ccc4ccccc43)c3c2c1CC3,,LogS,,=,-7.92,,0
289,ClC(Cl)C(Cl)Cl,ClC(Cl)C(Cl)Cl,,LogS,,=,-1.74,,0
695,C1=CCCC1,C1=CCCC1,,LogS,,=,-2.1,,0
1118,CC(C)Oc1cc(-n2nc(C(C)(C)C)oc2=O)c(Cl)cc1Cl,CC(C)Oc1cc(-n2nc(C(C)(C)C)oc2=O)c(Cl)cc1Cl,,LogS,,=,-5.69,,0
1199,CCOP(=O)(OCC)OCC,CCOP(=O)(OCC)OCC,,LogS,,=,0.43,,1
1068,Cc1ccc(C)c2c(C)cccc12,Cc1ccc(C)c2c(C)cccc12,,LogS,,=,-4.92,,0
247,CCCCCC(C)O,CCCCCC(C)O,,LogS,,=,-1.55,,0
736,NC(Cc1ccc(O)cc1)C(=O)O,NC(Cc1ccc(O)cc1)C(=O)O,,LogS,,=,-2.57,,0
878,CC(=O)OCC(=O)C1CCC2C3CCC4=CC(=O)CCC4(C)C3CCC12C,CC(=O)OCC(=O)C1CCC2C3CCC4=CC(=O)CCC4(C)C3CCC12C,,LogS,,=,-4.63,,0
249,C=CCc1ccc(O)c(OC)c1,C=CCc1ccc(O)c(OC)c1,,LogS,,=,-1.56,,0
77,O=C(O)C1C2CCC(O2)C1C(=O)O,O=C(O)C1C2CCC(O2)C1C(=O)O,,LogS,,=,-0.27,,0
1145,c1ccc2c(c1)c1ccccc1c1ccccc21,c1ccc2c(c1)c1ccccc1c1ccccc21,,LogS,,=,-6.74,,0
911,Clc1ccc(-c2ccc(Cl)cc2Cl)c(Cl)c1,Clc1ccc(-c2ccc(Cl)cc2Cl)c(Cl)c1,,LogS,,=,-6.51,,0
181,CC1CC(C)C(=O)C(C(O)CC2CC(=O)NC(=O)C2)C1,CC1CC(C)C(=O)C(C(O)CC2CC(=O)NC(=O)C2)C1,,LogS,,=,-1.13,,0
1100,CCC(=O)OC1CCC2C3CCC4=CC(=O)CCC4(C)C3CCC12C,CCC(=O)OC1CCC2C3CCC4=CC(=O)CCC4(C)C3CCC12C,,LogS,,=,-5.37,,0
842,COP(=S)(OC)Oc1ccc([N+](=O)[O-])c(C)c1,COP(=S)(OC)Oc1ccc([N+](=O)[O-])c(C)c1,,LogS,,=,-4.04,,0
648,ClC(Cl)Br,ClC(Cl)Br,,LogS,,=,-1.54,,0
952,CCOP(=S)(OCC)Oc1nc(Cl)c(Cl)cc1Cl,CCOP(=S)(OCC)Oc1nc(Cl)c(Cl)cc1Cl,,LogS,,=,-5.67,,0
213,N=C(N)N[N+](=O)[O-],N=C(N)N[N+](=O)[O-],,LogS,,=,-1.37,,0
1269,CCC(O)C(C)(C)C,CCC(O)C(C)(C)C,,LogS,,=,-1.15,,0
55,Oc1ccccc1,Oc1ccccc1,,LogS,,=,0,,1
245,CSc1cnc2cncnc2n1,CSc1cnc2cncnc2n1,,LogS,,=,-1.55,,0
1128,Nc1cc2c3ccccc3ccc2c2ccccc12,Nc1cc2c3ccccc3ccc2c2ccccc12,,LogS,,=,-6.2,,0
728,CCC(C)(C)Cl,CCC(C)(C)Cl,,LogS,,=,-2.51,,0
1091,Clc1ccc(-c2ccccc2)c(Cl)c1,Clc1ccc(-c2ccccc2)c(Cl)c1,,LogS,,=,-5.25,,0
1064,Clc1cccc(-c2ccccc2)c1,Clc1cccc(-c2ccccc2)c1,,LogS,,=,-4.88,,0
1104,CC12CCC3C(CCC4CC5SC5CC43C)C1CCC2O,CC12CCC3C(CCC4CC5SC5CC43C)C1CCC2O,,LogS,,=,-5.41,,0
777,C1CCCCC1,C1CCCCC1,,LogS,,=,-3.1,,0
63,Cc1ncc2nccnc2n1,Cc1ncc2nccnc2n1,,LogS,,=,-0.12,,0
1146,Clc1ccc(Cl)c(-c2c(Cl)cccc2Cl)c1,Clc1ccc(Cl)c(-c2c(Cl)cccc2Cl)c1,,LogS,,=,-6.8,,0
672,ClCC(Cl)CCl,ClCC(Cl)CCl,,LogS,,=,-1.92,,0
670,O=C(O)c1ccccc1Cl,O=C(O)c1ccccc1Cl,,LogS,,=,-1.89,,0
1137,Clc1ccc(-c2ccccc2)cc1Cl,Clc1ccc(-c2ccccc2)cc1Cl,,LogS,,=,-6.39,,0
1218,Nc1nccs1,Nc1nccs1,,LogS,,=,-0.36,,0
925,c1ccc2c(c1)ccc1c3ccccc3ccc21,c1ccc2c(c1)ccc1c3ccccc3ccc21,,LogS,,=,-8.06,,0
15,CN1CCOCC1,CN1CCOCC1,,LogS,,=,1,,1
373,C=CCC1(c2ccccc2)C(=O)NC(=O)NC1=O,C=CCC1(c2ccccc2)C(=O)NC(=O)NC1=O,,LogS,,=,-2.18,,0
527,CC1=C2C3OC(=O)C(C)C3CCC2(C)C=CC1=O,CC1=C2C3OC(=O)C(C)C3CCC2(C)C=CC1=O,,LogS,,=,-3.09,,0
1048,c1cc2c3c(cccc3c1)CC2,c1cc2c3c(cccc3c1)CC2,,LogS,,=,-4.63,,0
103,CCCC(O)C(CC)CO,CCCC(O)C(CC)CO,,LogS,,=,-0.54,,0
1098,CCCCCCCCCCCCCC(=O)O,CCCCCCCCCCCCCC(=O)O,,LogS,,=,-5.33,,0
23,Oc1ccccc1O,Oc1ccccc1O,,LogS,,=,0.62,,1
208,ClCCBr,ClCCBr,,LogS,,=,-1.32,,0
514,CCC1(C2=CCCCCC2)C(=O)NC(=O)NC1=O,CCC1(C2=CCCCCC2)C(=O)NC(=O)NC1=O,,LogS,,=,-3,,0
1053,CC(=O)OCCN1CCN(CCCN2c3ccccc3Sc3ccc(Cl)cc32)CC1,CC(=O)OCCN1CCN(CCCN2c3ccccc3Sc3ccc(Cl)cc32)CC1,,LogS,,=,-4.7,,0
704,O=C(NC(=O)c1ccccc1)c1ccccc1,O=C(NC(=O)c1ccccc1)c1ccccc1,,LogS,,=,-2.27,,0
1033,CC(C(=O)O)c1ccc(-c2ccccc2)c(F)c1,CC(C(=O)O)c1ccc(-c2ccccc2)c(F)c1,,LogS,,=,-4.49,,0
521,CC(C)Cc1ccc(C(C)C(=O)NO)cc1,CC(C)Cc1ccc(C(C)C(=O)NO)cc1,,LogS,,=,-3.04,,0
1253,NC(=O)c1cnccn1,NC(=O)c1cnccn1,,LogS,,=,-0.91,,0
1275,COC(=O)c1cc(O)c(O)c(O)c1,COC(=O)c1cc(O)c(O)c(O)c1,,LogS,,=,-1.24,,0
888,ClC(Cl)=C(Cl)C(Cl)=C(Cl)Cl,ClC(Cl)=C(Cl)C(Cl)=C(Cl)Cl,,LogS,,=,-4.91,,0
1246,O=C(O)CCCCC(=O)O,O=C(O)CCCCC(=O)O,,LogS,,=,-0.82,,0
29,C1CCOC1,C1CCOC1,,LogS,,=,0.56,,1
123,CC(C)(C)C(C)(C)O,CC(C)(C)C(C)(C)O,,LogS,,=,-0.72,,0
126,O=[N+]([O-])c1ccc(O)cc1,O=[N+]([O-])c1ccc(O)cc1,,LogS,,=,-0.74,,0
996,CCCCOCN(C(=O)CCl)c1c(CC)cccc1CC,CCCCOCN(C(=O)CCl)c1c(CC)cccc1CC,,LogS,,=,-4.19,,0
593,Oc1ccc(-c2ccccc2)cc1,Oc1ccc(-c2ccccc2)cc1,,LogS,,=,-3.48,,0
697,CCCc1cc(=O)[nH]c(=S)[nH]1,CCCc1cc(=O)[nH]c(=S)[nH]1,,LogS,,=,-2.15,,0
358,OCc1c(Cl)cccc1Cl,OCc1c(Cl)cccc1Cl,,LogS,,=,-2.1,,0
347,C=C(C)C1CC=C(C)C(=O)C1,C=C(C)C1CC=C(C)C(=O)C1,,LogS,,=,-2.06,,0
281,CCCCCCC=O,CCCCCCC=O,,LogS,,=,-1.7,,0
903,Clc1ccc(Cl)c(-c2ccccc2Cl)c1,Clc1ccc(Cl)c(-c2ccccc2Cl)c1,,LogS,,=,-6.02,,0
6,CC(=O)N(C)C,CC(=O)N(C)C,,LogS,,=,1.11,,1
301,O=[N+]([O-])c1ccccc1,O=[N+]([O-])c1ccccc1,,LogS,,=,-1.8,,0
166,CCCCOC,CCCCOC,,LogS,,=,-0.99,,0
570,Cc1ccc(C)c(C)c1,Cc1ccc(C)c(C)c1,,LogS,,=,-3.31,,0
1279,CNc1ccccc1,CNc1ccccc1,,LogS,,=,-1.28,,0
1241,OCCc1ccccc1,OCCc1ccccc1,,LogS,,=,-0.74,,0
210,CC(=O)CCC(C)C,CC(=O)CCC(C)C,,LogS,,=,-1.33,,0
699,c1ccc2[nH]ncc2c1,c1ccc2[nH]ncc2c1,,LogS,,=,-2.16,,0
50,NNc1ccccc1,NNc1ccccc1,,LogS,,=,0.07,,1
148,OCc1ccccc1OC1OC(CO)C(O)C(O)C1O,OCc1ccccc1OC1OC(CO)C(O)C(O)C1O,,LogS,,=,-0.85,,0
941,CCNc1nc(Cl)nc(NC(C)C)n1,CCNc1nc(Cl)nc(NC(C)C)n1,,LogS,,=,-3.55,,0
1136,ClC(Cl)=C(c1ccc(Cl)cc1)c1ccccc1Cl,ClC(Cl)=C(c1ccc(Cl)cc1)c1ccccc1Cl,,LogS,,=,-6.36,,0
354,CC(C)I,CC(C)I,,LogS,,=,-2.09,,0
770,CC1=CC(=O)c2ccccc2C1=O,CC1=CC(=O)c2ccccc2C1=O,,LogS,,=,-3.03,,0
745,CCC1(c2ccccc2)C(=O)NCNC1=O,CCC1(c2ccccc2)C(=O)NCNC1=O,,LogS,,=,-2.64,,0
1066,c1ccc2c(c1)Cc1ccccc1-2,c1ccc2c(c1)Cc1ccccc1-2,,LogS,,=,-4.91,,0
216,CC(C)CCC(C)O,CC(C)CCC(C)O,,LogS,,=,-1.38,,0
209,CC(=O)Nc1ccccc1,CC(=O)Nc1ccccc1,,LogS,,=,-1.33,,0
1127,c1cc2ccc3cccc4ccc(c1)c2c34,c1cc2ccc3cccc4ccc(c1)c2c34,,LogS,,=,-6.19,,0
664,CCCCCCCN,CCCCCCCN,,LogS,,=,-1.85,,0
712,CCCCCC(=O)OCC,CCCCCC(=O)OCC,,LogS,,=,-2.31,,0
476,CC(Cl)C(C)Cl,CC(Cl)C(C)Cl,,LogS,,=,-2.7,,0
914,CCCCCCCCCCCCCCCC(=O)O,CCCCCCCCCCCCCCCC(=O)O,,LogS,,=,-6.81,,0
1044,COc1ccc2c(c1)c(CC(=O)O)c(C)n2C(=O)c1ccc(Cl)cc1,COc1ccc2c(c1)c(CC(=O)O)c(C)n2C(=O)c1ccc(Cl)cc1,,LogS,,=,-4.62,,0
261,CN(C)C(=O)Nc1ccccc1,CN(C)C(=O)Nc1ccccc1,,LogS,,=,-1.6,,0
552,C=CCCCC,C=CCCCC,,LogS,,=,-3.23,,0
386,Cc1cc(Cl)ccc1OCC(=O)O,Cc1cc(Cl)ccc1OCC(=O)O,,LogS,,=,-2.23,,0
722,COc1c2occc2c(OC)c2c(=O)cc(C)oc12,COc1c2occc2c(OC)c2c(=O)cc(C)oc12,,LogS,,=,-2.4,,0
580,OC(Cn1cncn1)(c1ccc(F)cc1)c1ccccc1F,OC(Cn1cncn1)(c1ccc(F)cc1)c1ccccc1F,,LogS,,=,-3.37,,0
102,NC(Cc1c[nH]cn1)C(=O)O,NC(Cc1c[nH]cn1)C(=O)O,,LogS,,=,-0.53,,0
1123,Clc1cccc(-c2cc(Cl)ccc2Cl)c1,Clc1cccc(-c2cc(Cl)ccc2Cl)c1,,LogS,,=,-6.01,,0
356,CCCCCCC(C)O,CCCCCCC(C)O,,LogS,,=,-2.09,,0
774,CC(=O)Nc1ccc(Br)cc1,CC(=O)Nc1ccc(Br)cc1,,LogS,,=,-3.08,,0
926,Clc1ccc(-c2c(Cl)cc(Cl)c(Cl)c2Cl)c(Cl)c1Cl,Clc1ccc(-c2c(Cl)cc(Cl)c(Cl)c2Cl)c(Cl)c1Cl,,LogS,,=,-8.3,,0
889,CCCN(CCC)c1c([N+](=O)[O-])cc(S(N)(=O)=O)cc1[N+](=O)[O-],CCCN(CCC)c1c([N+](=O)[O-])cc(S(N)(=O)=O)cc1[N+](=O)[O-],,LogS,,=,-5.16,,0
207,CCCCCC=O,CCCCCC=O,,LogS,,=,-1.3,,0
404,Oc1c(Cl)cc(Cl)cc1Cl,Oc1c(Cl)cc(Cl)cc1Cl,,LogS,,=,-2.34,,0
1058,CN1CCCC(CN2c3ccccc3Sc3ccccc32)C1,CN1CCCC(CN2c3ccccc3Sc3ccccc32)C1,,LogS,,=,-4.74,,0
159,CCOC(=O)CCC(=O)OCC,CCOC(=O)CCC(=O)OCC,,LogS,,=,-0.96,,0
470,CC(C)N1C(=O)c2ccccc2NS1(=O)=O,CC(C)N1C(=O)c2ccccc2NS1(=O)=O,,LogS,,=,-2.68,,0
856,C[C@H](CCC(=O)O)[C@H]1CC[C@H]2[C@@H]3[C@@H](O)C[C@@H]4C[C@H](O)CC[C@]4(C)[C@H]3CC[C@@]21C,C[C@H](CCC(=O)O)[C@H]1CC[C@H]2[C@@H]3[C@@H](O)C[C@@H]4C[C@H](O)CC[C@]4(C)[C@H]3CC[C@@]21C,,LogS,,=,-4.29,,0
612,CCCCCCCCCCO,CCCCCCCCCCO,,LogS,,=,-3.63,,0
784,CC1CC=CC=CC=CC=CC(OC2OC(C)C(O)C(N)C2O)CC2OC(O)(CC(O)CC3OC3C=CC(=O)O1)CC(O)C2C(=O)O,CC1CC=CC=CC=CC=CC(OC2OC(C)C(O)C(N)C2O)CC2OC(O)(CC(O)CC3OC3C=CC(=O)O1)CC(O)C2C(=O)O,,LogS,,=,-3.21,,0
349,OC1CCN2C1=Nc1ccccc1C2O,OC1CCN2C1=Nc1ccccc1C2O,,LogS,,=,-2.07,,0
1147,CCc1ccc2cc3ccccc3cc2c1,CCc1ccc2cc3ccccc3cc2c1,,LogS,,=,-6.89,,0
501,CC1c2cccc(O)c2C(=O)C2=C(O)C3(O)C(=O)C(C(N)=O)=C(O)C(N(C)C)C3C(O)C21,CC1c2cccc(O)c2C(=O)C2=C(O)C3(O)C(=O)C(C(N)=O)=C(O)C(N(C)C)C3C(O)C21,,LogS,,=,-2.87,,0
860,COP(=S)(OC)Oc1ccc([N+](=O)[O-])cc1Cl,COP(=S)(OC)Oc1ccc([N+](=O)[O-])cc1Cl,,LogS,,=,-4.31,,0
683,CCCCCC(=O)OC,CCCCCC(=O)OC,,LogS,,=,-2,,0
677,COc1ccccc1O,COc1ccccc1O,,LogS,,=,-1.96,,0
1076,Brc1cccc(Br)c1Br,Brc1cccc(Br)c1Br,,LogS,,=,-5.04,,0
1011,CC(=O)OCC(=O)C1(O)CCC2C3CCC4=CC(=O)CCC4(C)C3C(O)CC21C,CC(=O)OCC(=O)C1(O)CCC2C3CCC4=CC(=O)CCC4(C)C3C(O)CC21C,,LogS,,=,-4.3,,0
792,CCCCCCCCOC(N)=O,CCCCCCCCOC(N)=O,,LogS,,=,-3.3,,0
1182,Clc1c(Cl)c(Cl)c(-c2c(Cl)c(Cl)c(Cl)c(Cl)c2Cl)c(Cl)c1Cl,Clc1c(Cl)c(Cl)c(-c2c(Cl)c(Cl)c(Cl)c(Cl)c2Cl)c(Cl)c1Cl,,LogS,,=,-11.62,,0
1131,Clc1cc(Cl)c(-c2ccccc2)cc1Cl,Clc1cc(Cl)c(-c2ccccc2)cc1Cl,,LogS,,=,-6.27,,0
201,CC(=O)c1ccccc1,CC(=O)c1ccccc1,,LogS,,=,-1.28,,0
334,COc1ccccc1[N+](=O)[O-],COc1ccccc1[N+](=O)[O-],,LogS,,=,-1.96,,0
841,Clc1cccc(Cl)c1Cl,Clc1cccc(Cl)c1Cl,,LogS,,=,-4,,0
1204,NC(N)=S,NC(N)=S,,LogS,,=,0.32,,1
80,N#CCCCl,N#CCCCl,,LogS,,=,-0.29,,0
163,Cn1c(=O)c2c(ncn2C)n(C)c1=O,Cn1c(=O)c2c(ncn2C)n(C)c1=O,,LogS,,=,-0.97,,0
626,Nc1ccc(S(=O)(=O)Nc2cnccn2)cc1,Nc1ccc(S(=O)(=O)Nc2cnccn2)cc1,,LogS,,=,-3.7,,0
1005,N#Cc1c(Cl)cccc1Cl,N#Cc1c(Cl)cccc1Cl,,LogS,,=,-4.24,,0
1055,CC(=O)C1(O)CCC2C3CCC4=CC(=O)CCC4(C)C3CCC21C,CC(=O)C1(O)CCC2C3CCC4=CC(=O)CCC4(C)C3CCC21C,,LogS,,=,-4.71,,0
263,COc1ccc(CC2NCC(O)C2OC(C)=O)cc1,COc1ccc(CC2NCC(O)C2OC(C)=O)cc1,,LogS,,=,-1.61,,0
1135,c1ccc2cc3ccccc3cc2c1,c1ccc2cc3ccccc3cc2c1,,LogS,,=,-6.35,,0
374,CCCCNC(=O)NS(=O)(=O)c1ccc(N)cc1,CCCCNC(=O)NS(=O)(=O)c1ccc(N)cc1,,LogS,,=,-2.18,,0
4,NC(=O)NO,NC(=O)NO,,LogS,,=,1.12,,1
262,CC(=O)Nc1ccc(S(N)(=O)=O)cc1,CC(=O)Nc1ccc(S(N)(=O)=O)cc1,,LogS,,=,-1.61,,0
434,Cc1cnc(S)nc1O,Cc1cnc(S)nc1O,,LogS,,=,-2.45,,0
1024,CN1CCN(CCCN2c3ccccc3Sc3ccc(Cl)cc32)CC1,CN1CCN(CCCN2c3ccccc3Sc3ccc(Cl)cc32)CC1,,LogS,,=,-4.4,,0
919,Clc1cc(-c2ccccc2)c(Cl)c(Cl)c1Cl,Clc1cc(-c2ccccc2)c(Cl)c(Cl)c1Cl,,LogS,,=,-7.16,,0
30,CCC(C)=O,CCC(C)=O,,LogS,,=,0.52,,1
1166,Clc1ccc(-c2cc(Cl)c(Cl)c(Cl)c2Cl)cc1Cl,Clc1ccc(-c2cc(Cl)c(Cl)c(Cl)c2Cl)cc1Cl,,LogS,,=,-7.82,,0
821,Cc1cccc(Nc2ccccc2C(=O)O)c1C,Cc1cccc(Nc2ccccc2C(=O)O)c1C,,LogS,,=,-3.78,,0
1155,Clc1cccc(-c2cccc(Cl)c2Cl)c1Cl,Clc1cccc(-c2cccc(Cl)c2Cl)c1Cl,,LogS,,=,-7.28,,0
779,Nc1cnn(-c2ccccc2)c(=O)c1Br,Nc1cnn(-c2ccccc2)c(=O)c1Br,,LogS,,=,-3.12,,0
985,CCC(C)(C)c1ccccc1,CCC(C)(C)c1ccccc1,,LogS,,=,-4.15,,0
485,CN1C(=O)NC(=O)C(C)(C2=CCCCC2)C1=O,CN1C(=O)NC(=O)C(C)(C2=CCCCC2)C1=O,,LogS,,=,-2.74,,0
69,O=NN1CCCCC1,O=NN1CCCCC1,,LogS,,=,-0.17,,0
815,Cc1cccc2ccccc12,Cc1cccc2ccccc12,,LogS,,=,-3.7,,0
665,COC(=O)c1ccccc1,COC(=O)c1ccccc1,,LogS,,=,-1.85,,0
835,CC(CCC(=O)O)C1CCC2C3CCC4CC(O)CCC4(C)C3CC(O)C12C,CC(CCC(=O)O)C1CCC2C3CCC4CC(O)CCC4(C)C3CC(O)C12C,,LogS,,=,-3.95,,0
436,Nc1cc(Cl)cc(C(=O)O)c1Cl,Nc1cc(Cl)cc(C(=O)O)c1Cl,,LogS,,=,-2.47,,0
151,CC1CCC(O)CC1,CC1CCC(O)CC1,,LogS,,=,-0.88,,0
1139,Clc1ccc(C(c2ccccc2Cl)C(Cl)Cl)cc1,Clc1ccc(C(c2ccccc2Cl)C(Cl)Cl)cc1,,LogS,,=,-6.51,,0
242,CC(C)(C)CCCO,CC(C)(C)CCCO,,LogS,,=,-1.55,,0
99,CCCOC=O,CCCOC=O,,LogS,,=,-0.49,,0
1046,CCCCCCCCCC(=O)OC,CCCCCCCCCC(=O)OC,,LogS,,=,-4.63,,0
791,CCC1NC(=O)c2cc(S(N)(=O)=O)c(Cl)cc2N1,CCC1NC(=O)c2cc(S(N)(=O)=O)c(Cl)cc2N1,,LogS,,=,-3.29,,0
1299,CCCCC(O)CC,CCCCC(O)CC,,LogS,,=,-1.47,,0
705,Cc1cc(C)nc(NS(=O)(=O)c2ccc(N)cc2)n1,Cc1cc(C)nc(NS(=O)(=O)c2ccc(N)cc2)n1,,LogS,,=,-2.27,,0
1119,CC12CCC3C(CCC4CCCCC43C)C1CCC2=O,CC12CCC3C(CCC4CCCCC43C)C1CCC2=O,,LogS,,=,-6.7,,0
1288,O=C1OC(=O)c2ccccc21,O=C1OC(=O)c2ccccc21,,LogS,,=,-1.39,,0
117,Oc1cccc(Cl)c1,Oc1cccc(Cl)c1,,LogS,,=,-0.7,,0
772,Clc1cccc(Cl)c1,Clc1cccc(Cl)c1,,LogS,,=,-3.04,,0
993,c1ccc(Cc2ccccc2)cc1,c1ccc(Cc2ccccc2)cc1,,LogS,,=,-4.17,,0
231,ClCC(Cl)Cl,ClCC(Cl)Cl,,LogS,,=,-1.48,,0
168,CCCC(C)(O)CC,CCCC(C)(O)CC,,LogS,,=,-1,,0
61,CCOCC,CCOCC,,LogS,,=,-0.09,,0
977,CCCCCCCCCC(=O)OCC,CCCCCCCCCC(=O)OCC,,LogS,,=,-4.1,,0
1285,CNC(=NC#N)NCCSCc1nc[nH]c1C,CNC(=NC#N)NCCSCc1nc[nH]c1C,,LogS,,=,-1.35,,0
332,Cc1ccc2ccc(C)nc2c1,Cc1ccc2ccc(C)nc2c1,,LogS,,=,-1.94,,0
256,CC(Cl)CCl,CC(Cl)CCl,,LogS,,=,-1.6,,0
165,O=C1C=CC(=O)C=C1,O=C1C=CC(=O)C=C1,,LogS,,=,-0.99,,0
59,Cc1cc(O)no1,Cc1cc(O)no1,,LogS,,=,-0.07,,0
118,Cc1ccc(O)cc1,Cc1ccc(O)cc1,,LogS,,=,-0.7,,0
53,c1cnc2ncncc2n1,c1cnc2ncncc2n1,,LogS,,=,0.02,,1
1197,COC(C)=O,COC(C)=O,,LogS,,=,0.52,,1
986,OCCN1CCN(CCCN2c3ccccc3Sc3ccc(C(F)(F)F)cc32)CC1,OCCN1CCN(CCCN2c3ccccc3Sc3ccc(C(F)(F)F)cc32)CC1,,LogS,,=,-4.15,,0
783,Clc1ccccc1Br,Clc1ccccc1Br,,LogS,,=,-3.19,,0
240,c1cc(-c2ccncc2)ccn1,c1cc(-c2ccncc2)ccn1,,LogS,,=,-1.54,,0
731,ClC(Cl)=C(Cl)Cl,ClC(Cl)=C(Cl)Cl,,LogS,,=,-2.54,,0
1013,CCCCCCCCCCCCCCC(=O)O,CCCCCCCCCCCCCCC(=O)O,,LogS,,=,-4.31,,0
526,C=C[C@H]1CN2CC[C@H]1C[C@@H]2[C@@H](O)c1ccnc2ccccc12,C=C[C@H]1CN2CC[C@H]1C[C@@H]2[C@@H](O)c1ccnc2ccccc12,,LogS,,=,-3.09,,0
122,CCCOC(C)=O,CCCOC(C)=O,,LogS,,=,-0.72,,0
753,CCc1ccccc1,CCc1ccccc1,,LogS,,=,-2.77,,0
1227,O=C(O)CCI,O=C(O)CCI,,LogS,,=,-0.43,,0
444,CC=CCC,CC=CCC,,LogS,,=,-2.54,,0
335,O=C(O)C=Cc1c[nH]cn1,O=C(O)C=Cc1c[nH]cn1,,LogS,,=,-1.96,,0
241,Cc1ccc(C)c(O)c1,Cc1ccc(C)c(O)c1,,LogS,,=,-1.54,,0
1061,CCCCCCCI,CCCCCCCI,,LogS,,=,-4.81,,0
855,Oc1c(Cl)c(Cl)c(Cl)c(Cl)c1Cl,Oc1c(Cl)c(Cl)c(Cl)c(Cl)c1Cl,,LogS,,=,-4.28,,0
629,CCCC(C)C,CCCC(C)C,,LogS,,=,-3.74,,0
746,CCCOC(=O)c1ccccc1,CCCOC(=O)c1ccccc1,,LogS,,=,-2.67,,0
224,c1ccc(-c2ccccn2)nc1,c1ccc(-c2ccccn2)nc1,,LogS,,=,-1.42,,0
1035,CCCCCCC,CCCCCCC,,LogS,,=,-4.53,,0
640,CCCCNC(=O)NS(=O)(=O)c1ccccc1,CCCCNC(=O)NS(=O)(=O)c1ccccc1,,LogS,,=,-3.05,,0
574,c1ccc2c(c1)ccc1ncccc12,c1ccc2c(c1)ccc1ncccc12,,LogS,,=,-3.36,,0
643,Cc1ccccc1N1C(=O)c2cc(S(N)(=O)=O)c(Cl)cc2NC1C,Cc1ccccc1N1C(=O)c2cc(S(N)(=O)=O)c(Cl)cc2NC1C,,LogS,,=,-3.78,,0
548,Clc1cccc(Br)c1,Clc1cccc(Br)c1,,LogS,,=,-3.21,,0
1133,Clc1ccc(-c2ccccc2Cl)cc1Cl,Clc1ccc(-c2ccccc2Cl)cc1Cl,,LogS,,=,-6.29,,0
968,N#Cc1ccc2c(c1)N(CCCN1CCC(O)CC1)c1ccccc1S2,N#Cc1ccc2c(c1)N(CCCN1CCC(O)CC1)c1ccccc1S2,,LogS,,=,-3.98,,0
583,CCCCNC(=O)NS(=O)(=O)c1ccc(C)cc1,CCCCNC(=O)NS(=O)(=O)c1ccc(C)cc1,,LogS,,=,-3.39,,0
594,Brc1ccccc1Br,Brc1ccccc1Br,,LogS,,=,-3.5,,0
357,COc1cc2c(cc1OC)C13CCN4CC5=CCOC6CC(=O)N2C1C6C5CC43,COc1cc2c(cc1OC)C13CCN4CC5=CCOC6CC(=O)N2C1C6C5CC43,,LogS,,=,-2.09,,0
598,CON(C)C(=O)Nc1ccc(Cl)c(Cl)c1,CON(C)C(=O)Nc1ccc(Cl)c(Cl)c1,,LogS,,=,-3.52,,0
1232,CC(C)CCO,CC(C)CCO,,LogS,,=,-0.52,,0
315,CCCCCOC(C)=O,CCCCCOC(C)=O,,LogS,,=,-1.89,,0
362,Sc1ccccc1,Sc1ccccc1,,LogS,,=,-2.12,,0
1290,CC(C)Cl,CC(C)Cl,,LogS,,=,-1.41,,0
730,CC1CCC(C(C)C)C(O)C1,CC1CCC(C(C)C)C(O)C1,,LogS,,=,-2.53,,0
49,CCC(C)(C)O,CCC(C)(C)O,,LogS,,=,0.08,,1
71,CCCC(=O)O,CCCC(=O)O,,LogS,,=,-0.19,,0
370,Oc1ccc2ncccc2c1,Oc1ccc2ncccc2c1,,LogS,,=,-2.16,,0
737,CCCCCCc1ccc(O)cc1O,CCCCCCc1ccc(O)cc1O,,LogS,,=,-2.59,,0
441,CN(C)C1C(O)=C(C(N)=O)C(=O)C2(O)C(O)=C3C(=O)c4c(O)ccc(Cl)c4C(O)C3CC12,CN(C)C1C(O)=C(C(N)=O)C(=O)C2(O)C(O)=C3C(=O)c4c(O)ccc(Cl)c4C(O)C3CC12,,LogS,,=,-2.52,,0
42,CC(C)C(=O)O,CC(C)C(=O)O,,LogS,,=,0.28,,1
1008,CC(C)CC(C)C,CC(C)CC(C)C,,LogS,,=,-4.26,,0
1233,CC(=O)OC(C)C,CC(=O)OC(C)C,,LogS,,=,-0.55,,0
265,C=CCN(CC=C)C(=O)C(Cl)Cl,C=CCN(CC=C)C(=O)C(Cl)Cl,,LogS,,=,-1.62,,0
286,O=C1C=CC(O)(c2cc(O)ccc2O)C=C1,O=C1C=CC(O)(c2cc(O)ccc2O)C=C1,,LogS,,=,-1.73,,0
872,CN1CCN(CCCN2c3ccccc3Sc3ccc(C(F)(F)F)cc32)CC1,CN1CCN(CCCN2c3ccccc3Sc3ccc(C(F)(F)F)cc32)CC1,,LogS,,=,-4.52,,0
172,O=c1[nH]cc(F)c(=O)[nH]1,O=c1[nH]cc(F)c(=O)[nH]1,,LogS,,=,-1.07,,0
790,CN1CCC23c4c5ccc(O)c4OC2C(O)C=CC3C1C5,CN1CCC23c4c5ccc(O)c4OC2C(O)C=CC3C1C5,,LogS,,=,-3.28,,0
641,Clc1ccccc1Cl,Clc1ccccc1Cl,,LogS,,=,-3.05,,0
1263,CC1=CC(=O)CC(C)(C)C1,CC1=CC(=O)CC(C)(C)C1,,LogS,,=,-1.06,,0
1181,Clc1cc(-c2cc(Cl)c(Cl)c(Cl)c2Cl)c(Cl)c(Cl)c1Cl,Clc1cc(-c2cc(Cl)c(Cl)c(Cl)c2Cl)c(Cl)c(Cl)c1Cl,,LogS,,=,-9.16,,0
497,Nc1ccc(S(=O)(=O)c2ccc(N)cc2)cc1,Nc1ccc(S(=O)(=O)c2ccc(N)cc2)cc1,,LogS,,=,-2.82,,0
530,CCCCCCCl,CCCCCCCl,,LogS,,=,-3.12,,0
846,CCOP(=S)(OCC)SCSCC,CCOP(=S)(OCC)SCSCC,,LogS,,=,-4.11,,0
409,CCCCCCCC=O,CCCCCCCC=O,,LogS,,=,-2.36,,0
810,CCC(C)CC,CCC(C)CC,,LogS,,=,-3.68,,0
1280,CCCC(=O)CCC,CCCC(=O)CCC,,LogS,,=,-1.3,,0
678,ClC=C(Cl)Cl,ClC=C(Cl)Cl,,LogS,,=,-1.96,,0
366,O=c1ccc2ccccc2[nH]1,O=c1ccc2ccccc2[nH]1,,LogS,,=,-2.14,,0
776,O=C(O)Cc1c(Cl)ccc(Cl)c1Cl,O=C(O)Cc1c(Cl)ccc(Cl)c1Cl,,LogS,,=,-3.08,,0
1105,Clc1c(Cl)c(Cl)c2nccnc2c1Cl,Clc1c(Cl)c(Cl)c2nccnc2c1Cl,,LogS,,=,-5.43,,0
910,ClC1=C(Cl)C2(Cl)C3C(Cl)C=CC3C1(Cl)C2(Cl)Cl,ClC1=C(Cl)C2(Cl)C3C(Cl)C=CC3C1(Cl)C2(Cl)Cl,,LogS,,=,-6.32,,0
1245,CCC(CC)C(=O)O,CCC(CC)C(=O)O,,LogS,,=,-0.81,,0
1300,O=c1cc[nH]c(=O)[nH]1,O=c1cc[nH]c(=O)[nH]1,,LogS,,=,-1.48,,0
1122,c1ccc2c(c1)-c1cccc3cccc-2c13,c1ccc2c(c1)-c1cccc3cccc-2c13,,LogS,,=,-6,,0
601,O=[N+]([O-])c1cccc2ccccc12,O=[N+]([O-])c1cccc2ccccc12,,LogS,,=,-3.54,,0
229,O=C(O)c1ccsc1,O=C(O)c1ccsc1,,LogS,,=,-1.47,,0
258,COCC(=O)N(c1c(C)cccc1C)C(C)C(=O)OC,COCC(=O)N(c1c(C)cccc1C)C(C)C(=O)OC,,LogS,,=,-1.6,,0
1162,Clc1ccccc1-c1c(Cl)cc(Cl)c(Cl)c1Cl,Clc1ccccc1-c1c(Cl)cc(Cl)c(Cl)c1Cl,,LogS,,=,-7.43,,0
1304,OC[C@H](O)[C@@H](O)[C@H](O)[C@H](O)CO,OC[C@H](O)[C@@H](O)[C@H](O)[C@H](O)CO,,LogS,,=,1.09,,1
702,Oc1cc(Cl)c(Cl)cc1Cl,Oc1cc(Cl)c(Cl)cc1Cl,,LogS,,=,-2.21,,0
320,BrC(Br)Br,BrC(Br)Br,,LogS,,=,-1.91,,0
326,CN(C)c1ccccc1,CN(C)c1ccccc1,,LogS,,=,-1.92,,0
90,Nc1ccccc1N,Nc1ccccc1N,,LogS,,=,-0.42,,0
796,CCCCCCCC(=O)OCC,CCCCCCCC(=O)OCC,,LogS,,=,-3.39,,0
390,O=c1cc[nH]c(=S)[nH]1,O=c1cc[nH]c(=S)[nH]1,,LogS,,=,-2.26,,0
478,NCCCCCCCCCCC(=O)O,NCCCCCCCCCCC(=O)O,,LogS,,=,-2.7,,0
749,O=C1C=C2CC3(O)COc4c(ccc(O)c4O)C3=C2C=C1O,O=C1C=C2CC3(O)COc4c(ccc(O)c4O)C3=C2C=C1O,,LogS,,=,-2.7,,0
322,CC(=O)Nc1ccc(OC(C)=O)cc1,CC(=O)Nc1ccc(OC(C)=O)cc1,,LogS,,=,-1.91,,0
1021,O=C(Nc1cccc(Cl)c1)OCC#CCCl,O=C(Nc1cccc(Cl)c1)OCC#CCCl,,LogS,,=,-4.37,,0
750,Nc1ccc(S(=O)(=O)Nc2ccccn2)cc1,Nc1ccc(S(=O)(=O)Nc2ccccn2)cc1,,LogS,,=,-2.7,,0
1158,Clc1ccc(-c2cc(Cl)c(Cl)cc2Cl)cc1Cl,Clc1ccc(-c2cc(Cl)c(Cl)cc2Cl)cc1Cl,,LogS,,=,-7.39,,0
113,CCOC(=O)CC,CCOC(=O)CC,,LogS,,=,-0.66,,0
890,Clc1ccc(-c2ccccc2)cc1,Clc1ccc(-c2ccccc2)cc1,,LogS,,=,-5.2,,0
1052,CCCCCCCCCCCC(=O)OC,CCCCCCCCCCCC(=O)OC,,LogS,,=,-4.69,,0
723,CC(C)(C)c1ccc(O)cc1,CC(C)(C)c1ccc(O)cc1,,LogS,,=,-2.41,,0
338,C1=CCC=CC1,C1=CCC=CC1,,LogS,,=,-1.97,,0
215,OCCCc1ccccc1,OCCCc1ccccc1,,LogS,,=,-1.38,,0
773,c1ccc2c(c1)CCC2,c1ccc2c(c1)CCC2,,LogS,,=,-3.04,,0
839,Cc1cc(C)c(C)c(C)c1C,Cc1cc(C)c(C)c(C)c1C,,LogS,,=,-4,,0
246,Oc1ccc(Cl)cc1Cl,Oc1ccc(Cl)cc1Cl,,LogS,,=,-1.55,,0
854,CC(=O)SC1CC2=CC(=O)CCC2(C)C2CCC3(C)C(CCC34CCC(=O)O4)C12,CC(=O)SC1CC2=CC(=O)CCC2(C)C2CCC3(C)C(CCC34CCC(=O)O4)C12,,LogS,,=,-4.28,,0
1038,Clc1ccc(Cl)c(Cl)c1Cl,Clc1ccc(Cl)c(Cl)c1Cl,,LogS,,=,-4.57,,0
1172,c1ccc2c(c1)cc1ccc3cccc4ccc2c1c34,c1ccc2c(c1)cc1ccc3cccc4ccc2c1c34,,LogS,,=,-8.19,,0
331,CCc1nnc(NS(=O)(=O)c2ccc(N)cc2)s1,CCc1nnc(NS(=O)(=O)c2ccc(N)cc2)s1,,LogS,,=,-1.94,,0
446,Oc1cccc2ncccc12,Oc1cccc2ncccc12,,LogS,,=,-2.54,,0
572,N#Cc1cc(Br)c(O)c(Br)c1,N#Cc1cc(Br)c(O)c(Br)c1,,LogS,,=,-3.33,,0
1129,Clc1ccc(-c2cc(Cl)ccc2Cl)cc1,Clc1ccc(-c2cc(Cl)ccc2Cl)cc1,,LogS,,=,-6.25,,0
684,CC(C)CCl,CC(C)CCl,,LogS,,=,-2,,0
161,NC(=O)c1ccccc1,NC(=O)c1ccccc1,,LogS,,=,-0.96,,0
212,CCCCC(=O)OC,CCCCC(=O)OC,,LogS,,=,-1.36,,0
786,O=C1NCCN1c1ncc([N+](=O)[O-])s1,O=C1NCCN1c1ncc([N+](=O)[O-])s1,,LogS,,=,-3.22,,0
1143,COP(=S)(OC)Oc1cc(Cl)c(I)cc1Cl,COP(=S)(OC)Oc1cc(Cl)c(I)cc1Cl,,LogS,,=,-6.62,,0
368,C1=CC=CCC=C1,C1=CC=CCC=C1,,LogS,,=,-2.15,,0
659,COC(=O)c1ccccc1C(=O)OC,COC(=O)c1ccccc1C(=O)OC,,LogS,,=,-1.66,,0
543,O=C(Oc1ccccc1)c1ccccc1O,O=C(Oc1ccccc1)c1ccccc1O,,LogS,,=,-3.15,,0
385,CCC1(CC)C(=O)NC(=O)N(C)C1=O,CCC1(CC)C(=O)NC(=O)N(C)C1=O,,LogS,,=,-2.23,,0
337,Nc1ccccc1[N+](=O)[O-],Nc1ccccc1[N+](=O)[O-],,LogS,,=,-1.96,,0
100,NCCC(O)C(=O)NC1CC(N)C(OC2OC(CN)C(O)C(O)C2O)C(O)C1OC1OC(CO)C(O)C(N)C1O,NCCC(O)C(=O)NC1CC(N)C(OC2OC(CN)C(O)C(O)C2O)C(O)C1OC1OC(CO)C(O)C(N)C1O,,LogS,,=,-0.5,,0
969,CC(C)Cc1ccc(C(C)C(=O)O)cc1,CC(C)Cc1ccc(C(C)C(=O)O)cc1,,LogS,,=,-3.99,,0
658,COC(=O)NS(=O)(=O)c1ccc(N)cc1,COC(=O)NS(=O)(=O)c1ccc(N)cc1,,LogS,,=,-1.66,,0
1238,Cc1c(N)c(=O)n(-c2ccccc2)n1C,Cc1c(N)c(=O)n(-c2ccccc2)n1C,,LogS,,=,-0.62,,0
376,O=[N+]([O-])c1ccc(C=NO)o1,O=[N+]([O-])c1ccc(C=NO)o1,,LogS,,=,-2.19,,0
223,CCCCCC(C)=O,CCCCCC(C)=O,,LogS,,=,-1.42,,0
477,Nc1ccc(-c2ccc(N)cc2)cc1,Nc1ccc(-c2ccc(N)cc2)cc1,,LogS,,=,-2.7,,0
169,CC(C)COC=O,CC(C)COC=O,,LogS,,=,-1.01,,0
976,Cc1nnc2n1-c1ccc(Cl)cc1C(c1ccccc1Cl)=NC2,Cc1nnc2n1-c1ccc(Cl)cc1C(c1ccccc1Cl)=NC2,,LogS,,=,-4.08,,0
865,CCC(c1ccc(O)cc1)C(CC)c1ccc(O)cc1,CCC(c1ccc(O)cc1)C(CC)c1ccc(O)cc1,,LogS,,=,-4.43,,0
336,CCC(C)Cl,CCC(C)Cl,,LogS,,=,-1.96,,0
734,CON(C)C(=O)Nc1ccc(Cl)cc1,CON(C)C(=O)Nc1ccc(Cl)cc1,,LogS,,=,-2.57,,0
1004,CNC(=O)Oc1cc(C(C)(C)C)cc(C(C)(C)C)c1,CNC(=O)Oc1cc(C(C)(C)C)cc(C(C)(C)C)c1,,LogS,,=,-4.24,,0
1175,Clc1cc(Cl)c(-c2cc(Cl)c(Cl)cc2Cl)cc1Cl,Clc1cc(Cl)c(-c2cc(Cl)c(Cl)cc2Cl)cc1Cl,,LogS,,=,-8.56,,0
445,Fc1ccc(CCl)cc1,Fc1ccc(CCl)cc1,,LogS,,=,-2.54,,0
121,CCC(C)C(C)O,CCC(C)C(C)O,,LogS,,=,-0.72,,0
603,CCN(CC)C(=O)C(C)Oc1cccc2ccccc12,CCN(CC)C(=O)C(C)Oc1cccc2ccccc12,,LogS,,=,-3.57,,0
685,Fc1cccc(F)c1,Fc1cccc(F)c1,,LogS,,=,-2,,0
469,O=C(O)Cc1cccc2ccccc12,O=C(O)Cc1cccc2ccccc12,,LogS,,=,-2.65,,0
706,CCCN(CCC)CCC,CCCN(CCC)CCC,,LogS,,=,-2.28,,0
923,Clc1ccc(Cl)c(-c2ccc(Cl)c(Cl)c2Cl)c1,Clc1ccc(Cl)c(-c2ccc(Cl)c(Cl)c2Cl)c1,,LogS,,=,-7.91,,0
895,CCOP(=S)(OCC)Oc1ccc2c(C)c(Cl)c(=O)oc2c1,CCOP(=S)(OCC)Oc1ccc2c(C)c(Cl)c(=O)oc2c1,,LogS,,=,-5.38,,0
107,CC(=O)OCC(COC(C)=O)OC(C)=O,CC(=O)OCC(COC(C)=O)OC(C)=O,,LogS,,=,-0.6,,0
1057,CCCC1CCCC1,CCCC1CCCC1,,LogS,,=,-4.74,,0
239,NCc1ccccc1,NCc1ccccc1,,LogS,,=,-1.53,,0
1220,O=C1NC(=O)C(=O)N1,O=C1NC(=O)C(=O)N1,,LogS,,=,-0.4,,0
1237,CC(C)[N+](=O)[O-],CC(C)[N+](=O)[O-],,LogS,,=,-0.62,,0
135,C=C(C)C(=O)OC,C=C(C)C(=O)OC,,LogS,,=,-0.8,,0
60,CC(O)C(N)C(=O)O,CC(O)C(N)C(=O)O,,LogS,,=,-0.09,,0
1031,Oc1cc(Cl)ccc1Oc1ccc(Cl)cc1Cl,Oc1cc(Cl)ccc1Oc1ccc(Cl)cc1Cl,,LogS,,=,-4.46,,0
785,CC12C=CC(=O)C=C1CCC1C2C(O)CC2(C)C1CCC2(O)C(=O)CO,CC12C=CC(=O)C=C1CCC1C2C(O)CC2(C)C1CCC2(O)C(=O)CO,,LogS,,=,-3.21,,0
564,CNC(=O)Oc1cccc2ccccc12,CNC(=O)Oc1cccc2ccccc12,,LogS,,=,-3.28,,0
802,CCCCCCCCCCC(=O)O,CCCCCCCCCCC(=O)O,,LogS,,=,-3.55,,0
1251,CCC(C)C(C)(C)O,CCC(C)C(C)(C)O,,LogS,,=,-0.89,,0
1205,CC(O)C(F)(F)F,CC(O)C(F)(F)F,,LogS,,=,0.3,,1
1078,CCCCCCCCBr,CCCCCCCCBr,,LogS,,=,-5.06,,0
616,CNCCCN1c2ccccc2CCc2ccccc21,CNCCCN1c2ccccc2CCc2ccccc21,,LogS,,=,-3.66,,0
182,CC(C)CCCO,CC(C)CCCO,,LogS,,=,-1.14,,0
472,C=CCCC,C=CCCC,,LogS,,=,-2.68,,0
1272,Cc1cc(O)c2ccccc2n1,Cc1cc(O)c2ccccc2n1,,LogS,,=,-1.2,,0
1277,Cc1cc(=O)[nH]c(=O)[nH]1,Cc1cc(=O)[nH]c(=O)[nH]1,,LogS,,=,-1.26,,0
1179,Clc1ccc(Cl)c(-c2c(Cl)c(Cl)c(Cl)c(Cl)c2Cl)c1,Clc1ccc(Cl)c(-c2c(Cl)c(Cl)c(Cl)c(Cl)c2Cl)c1,,LogS,,=,-8.94,,0
489,S=c1[nH]cnc2nccnc12,S=c1[nH]cnc2nccnc12,,LogS,,=,-2.77,,0
82,CC(C)COC(N)=O,CC(C)COC(N)=O,,LogS,,=,-0.3,,0
280,CCNc1ccccc1,CCNc1ccccc1,,LogS,,=,-1.7,,0
765,O=C(O)COc1cc(Cl)c(Cl)cc1Cl,O=C(O)COc1cc(Cl)c(Cl)cc1Cl,,LogS,,=,-2.96,,0
1176,Clc1cccc(-c2c(Cl)c(Cl)cc(Cl)c2Cl)c1Cl,Clc1cccc(-c2c(Cl)c(Cl)cc(Cl)c2Cl)c1Cl,,LogS,,=,-8.6,,0
844,Brc1ccc(Br)cc1,Brc1ccc(Br)cc1,,LogS,,=,-4.07,,0
542,O=C(Nc1ccccc1)Nc1ccccc1,O=C(Nc1ccccc1)Nc1ccccc1,,LogS,,=,-3.15,,0
812,COP(=S)(OC)Oc1ccc([N+](=O)[O-])cc1,COP(=S)(OC)Oc1ccc([N+](=O)[O-])cc1,,LogS,,=,-3.68,,0
410,C#CCCCC,C#CCCCC,,LogS,,=,-2.36,,0
905,ClC1=C(Cl)C2(Cl)C3C4CC(C5OC45)C3C1(Cl)C2(Cl)Cl,ClC1=C(Cl)C2(Cl)C3C4CC(C5OC45)C3C1(Cl)C2(Cl)Cl,,LogS,,=,-6.18,,0
449,CC1=C(C(=O)Nc2ccccc2)CCCO1,CC1=C(C(=O)Nc2ccccc2)CCCO1,,LogS,,=,-2.56,,0
164,CC(=O)Nc1ccc(N)cc1,CC(=O)Nc1ccc(N)cc1,,LogS,,=,-0.98,,0
482,O=C(O)c1ccccc1I,O=C(O)c1ccccc1I,,LogS,,=,-2.73,,0
282,FC(F)(F)C(Cl)Br,FC(F)(F)C(Cl)Br,,LogS,,=,-1.71,,0
68,Cn1c(=O)c2c(ncn2CC(O)CO)n(C)c1=O,Cn1c(=O)c2c(ncn2CC(O)CO)n(C)c1=O,,LogS,,=,-0.17,,0
500,NC(Cc1cc(I)c(O)c(I)c1)C(=O)O,NC(Cc1cc(I)c(O)c(I)c1)C(=O)O,,LogS,,=,-2.86,,0
418,N#Cc1ccccc1C#N,N#Cc1ccccc1C#N,,LogS,,=,-2.38,,0
252,CNC(=O)Oc1ccccc1C1OCCO1,CNC(=O)Oc1ccccc1C1OCCO1,,LogS,,=,-1.57,,0
1060,CCCCN(C)C(=O)Nc1ccc(Cl)c(Cl)c1,CCCCN(C)C(=O)Nc1ccc(Cl)c(Cl)c1,,LogS,,=,-4.77,,0
138,c1ccoc1,c1ccoc1,,LogS,,=,-0.82,,0
849,C1CCCCCCC1,C1CCCCCCC1,,LogS,,=,-4.15,,0
1266,CCCCCCN,CCCCCCN,,LogS,,=,-1.1,,0
828,C[C@]12CCC(=O)C=C1CC[C@@H]1[C@@H]2[C@@H](O)C[C@]2(C=O)[C@@H](C(=O)CO)CC[C@@H]12,C[C@]12CCC(=O)C=C1CC[C@@H]1[C@@H]2[C@@H](O)C[C@]2(C=O)[C@@H](C(=O)CO)CC[C@@H]12,,LogS,,=,-3.85,,0
532,CCCCN(CCCC)CCCC,CCCCN(CCCC)CCCC,,LogS,,=,-3.12,,0
399,CC1(C)C2CCC1(C)C(O)C2,CC1(C)C2CCC1(C)C(O)C2,,LogS,,=,-2.32,,0
515,O=C(O)CCl,O=C(O)CCl,,LogS,,=,0.93,,1
782,Cc1ccc(Br)cc1,Cc1ccc(Br)cc1,,LogS,,=,-3.19,,0
1062,Cc1cccc(Oc2cccc(C)c2)c1,Cc1cccc(Oc2cccc(C)c2)c1,,LogS,,=,-4.85,,0
568,O=C(O)c1ccc(Cl)cc1,O=C(O)c1ccc(Cl)cc1,,LogS,,=,-3.31,,0
313,CC1CCCC(=O)C1,CC1CCCC(=O)C1,,LogS,,=,-1.87,,0
277,O=C(O)c1cccc([N+](=O)[O-])c1,O=C(O)c1cccc([N+](=O)[O-])c1,,LogS,,=,-1.68,,0
9,CC(N)CC(=O)O,CC(N)CC(=O)O,,LogS,,=,1.08,,1
868,CN(C)CCC=C1c2ccccc2CCc2ccccc21,CN(C)CCC=C1c2ccccc2CCc2ccccc21,,LogS,,=,-4.46,,0
473,c1cnc2c(c1)ccc1ncccc12,c1cnc2c(c1)ccc1ncccc12,,LogS,,=,-2.68,,0
427,Cc1c[nH]c2ccccc12,Cc1c[nH]c2ccccc12,,LogS,,=,-2.42,,0
963,CCCCCCOC(=O)c1ccc(N)cc1,CCCCCCOC(=O)c1ccc(N)cc1,,LogS,,=,-3.95,,0
742,CCC1CN2CCC1CC2C(O)c1ccnc2ccccc12,CCC1CN2CCC1CC2C(O)c1ccnc2ccccc12,,LogS,,=,-2.63,,0
529,CC12CCC(=O)C=C1CCC1C2C(=O)CC2(C)C1CCC2(O)C(=O)CO,CC12CCC(=O)C=C1CCC1C2C(=O)CC2(C)C1CCC2(O)C(=O)CO,,LogS,,=,-3.11,,0
975,CC(C)N(C(=O)SCC(Cl)=CCl)C(C)C,CC(C)N(C(=O)SCC(Cl)=CCl)C(C)C,,LogS,,=,-4.08,,0
342,CCCCCl,CCCCCl,,LogS,,=,-2.03,,0
98,CN1C2CC(OC(=O)C(CO)c3ccccc3)CC1C1OC12,CN1C2CC(OC(=O)C(CO)c3ccccc3)CC1C1OC12,,LogS,,=,-0.48,,0
1278,Cc1cc(N)nc(C)n1,Cc1cc(N)nc(C)n1,,LogS,,=,-1.28,,0
610,N#Cc1cc(I)c(O)c(I)c1,N#Cc1cc(I)c(O)c(I)c1,,LogS,,=,-3.61,,0
503,CN(C)C1C(O)=C(C(N)=O)C(=O)C2(O)C(O)=C3C(=O)c4c(O)ccc(Cl)c4C(C)(O)C3CC12,CN(C)C1C(O)=C(C(N)=O)C(=O)C2(O)C(O)=C3C(=O)c4c(O)ccc(Cl)c4C(C)(O)C3CC12,,LogS,,=,-2.88,,0
1265,CCCCCC(=O)O,CCCCCC(=O)O,,LogS,,=,-1.06,,0
375,ClCC(Cl)(Cl)Cl,ClCC(Cl)(Cl)Cl,,LogS,,=,-2.18,,0
112,CCCOCC,CCCOCC,,LogS,,=,-0.66,,0
461,CCCCCCCOC(N)=O,CCCCCCCOC(N)=O,,LogS,,=,-2.62,,0
833,C#CC(C)N(C)C(=O)Nc1ccc(Cl)cc1,C#CC(C)N(C)C(=O)Nc1ccc(Cl)cc1,,LogS,,=,-3.9,,0
843,CCCCc1ccccc1,CCCCc1ccccc1,,LogS,,=,-4.06,,0
352,CC(=O)Nc1cccc(C)c1,CC(=O)Nc1cccc(C)c1,,LogS,,=,-2.09,,0
827,CCCCCC,CCCCCC,,LogS,,=,-3.84,,0
462,NS(=O)(=O)c1cc2c(cc1Cl)NCNS2(=O)=O,NS(=O)(=O)c1cc2c(cc1Cl)NCNS2(=O)=O,,LogS,,=,-2.62,,0
965,C1=Cc2cccc3cccc1c23,C1=Cc2cccc3cccc1c23,,LogS,,=,-3.96,,0
1177,Clc1cc(Cl)c(-c2c(Cl)cc(Cl)cc2Cl)c(Cl)c1,Clc1cc(Cl)c(-c2c(Cl)cc(Cl)cc2Cl)c(Cl)c1,,LogS,,=,-8.71,,0
142,O=C(O)c1cccnc1,O=C(O)c1cccnc1,,LogS,,=,-0.84,,0
379,Cc1ccccc1,Cc1ccccc1,,LogS,,=,-2.21,,0
8,c1cncnc1,c1cncnc1,,LogS,,=,1.1,,1
739,CC1(C)C(=O)N(Cl)C(=O)N1Cl,CC1(C)C(=O)N(Cl)C(=O)N1Cl,,LogS,,=,-2.6,,0
660,O=C(O)CNC(=O)c1ccccc1,O=C(O)CNC(=O)c1ccccc1,,LogS,,=,-1.68,,0
931,Clc1ccc(Cl)c(-c2c(Cl)ccc(Cl)c2Cl)c1Cl,Clc1ccc(Cl)c(-c2c(Cl)ccc(Cl)c2Cl)c1Cl,,LogS,,=,-8.65,,0
467,CN(C)CCN(Cc1ccccc1)c1ccccn1,CN(C)CCN(Cc1ccccc1)c1ccccn1,,LogS,,=,-2.64,,0
1235,CCS,CCS,,LogS,,=,-0.6,,0
1070,CC=C(C(=CC)c1ccc(O)cc1)c1ccc(O)cc1,CC=C(C(=CC)c1ccc(O)cc1)c1ccc(O)cc1,,LogS,,=,-4.95,,0
764,c1ccc(NNc2ccccc2)cc1,c1ccc(NNc2ccccc2)cc1,,LogS,,=,-2.92,,0
398,CCOC(=O)c1ccccc1,CCOC(=O)c1ccccc1,,LogS,,=,-2.32,,0
928,Clc1cccc(-c2cc(Cl)c(Cl)c(Cl)c2Cl)c1Cl,Clc1cccc(-c2cc(Cl)c(Cl)c(Cl)c2Cl)c1Cl,,LogS,,=,-8.42,,0
1189,OCc1cccnc1,OCc1cccnc1,,LogS,,=,0.96,,1
617,C#CCCCCCC,C#CCCCCCC,,LogS,,=,-3.66,,0
987,COc1ccc(Oc2ccc(NC(=O)N(C)C)cc2)cc1,COc1ccc(Oc2ccc(NC(=O)N(C)C)cc2)cc1,,LogS,,=,-4.16,,0
1084,ClC1=C(Cl)C(Cl)(Cl)C(Cl)=C1Cl,ClC1=C(Cl)C(Cl)(Cl)C(Cl)=C1Cl,,LogS,,=,-5.18,,0
740,Cc1ccc(C(=O)O)cc1,Cc1ccc(C(=O)O)cc1,,LogS,,=,-2.6,,0
293,NC(=O)c1ccccc1O,NC(=O)c1ccccc1O,,LogS,,=,-1.76,,0
606,Clc1ccc(Cl)c(Cl)c1,Clc1ccc(Cl)c(Cl)c1,,LogS,,=,-3.59,,0
831,CC(=O)CC(c1ccccc1)c1c(O)c2ccccc2oc1=O,CC(=O)CC(c1ccccc1)c1c(O)c2ccccc2oc1=O,,LogS,,=,-3.89,,0
1096,CN(C)CCCN1c2ccccc2Sc2ccc(C(F)(F)F)cc21,CN(C)CCCN1c2ccccc2Sc2ccc(C(F)(F)F)cc21,,LogS,,=,-5.3,,0
663,OCC(O)C1OC2OC(C(Cl)(Cl)Cl)OC2C1O,OCC(O)C1OC2OC(C(Cl)(Cl)Cl)OC2C1O,,LogS,,=,-1.84,,0
300,CC(=O)Nc1ccc(F)cc1,CC(=O)Nc1ccc(F)cc1,,LogS,,=,-1.78,,0
1203,Cc1ccncc1C,Cc1ccncc1C,,LogS,,=,0.36,,1
823,CCCCCCCCC(=O)OCC,CCCCCCCCC(=O)OCC,,LogS,,=,-3.8,,0
882,C#CC1(OC(C)=O)CCC2C3CCC4=CC(=O)CCC4C3CCC21C,C#CC1(OC(C)=O)CCC2C3CCC4=CC(=O)CCC4C3CCC21C,,LogS,,=,-4.79,,0
1308,CC(=O)[C@H]1CC[C@H]2[C@@H]3CCC4=CC(=O)CC[C@]4(C)[C@H]3CC[C@]12C,CC(=O)[C@H]1CC[C@H]2[C@@H]3CCC4=CC(=O)CC[C@]4(C)[C@H]3CC[C@]12C,,LogS,,=,-4.43,,0
1242,CCC[N+](=O)[O-],CCC[N+](=O)[O-],,LogS,,=,-0.8,,0
575,CCCC(C)C1(CC)C(=O)NC(=S)NC1=O,CCCC(C)C1(CC)C(=O)NC(=S)NC1=O,,LogS,,=,-3.36,,0
200,CCC(C)(O)C(C)(C)C,CCC(C)(O)C(C)(C)C,,LogS,,=,-1.27,,0
803,CC12CC(O)C3C(CCC4CC(O)CCC43C)C1CCC2=O,CC12CC(O)C3C(CCC4CC(O)CCC43C)C1CCC2=O,,LogS,,=,-3.59,,0
1010,Cc1cc(C)c2ccccc2c1,Cc1cc(C)c2ccccc2c1,,LogS,,=,-4.29,,0
452,CCCCCCCC(C)=O,CCCCCCCC(C)=O,,LogS,,=,-2.58,,0
1193,CN(C)C,CN(C)C,,LogS,,=,0.84,,1
1201,O=C(O)C(=O)O,O=C(O)C(=O)O,,LogS,,=,0.38,,1
1083,Nc1ccc2cc3ccccc3cc2c1,Nc1ccc2cc3ccccc3cc2c1,,LogS,,=,-5.17,,0
955,ClC1=C(Cl)C2(Cl)C3C(Cl)C(Cl)CC3C1(Cl)C2(Cl)Cl,ClC1=C(Cl)C2(Cl)C3C(Cl)C(Cl)CC3C1(Cl)C2(Cl)Cl,,LogS,,=,-6.86,,0
1171,Clc1ccc(-c2ccc(Cl)c(Cl)c2Cl)c(Cl)c1Cl,Clc1ccc(-c2ccc(Cl)c(Cl)c2Cl)c(Cl)c1Cl,,LogS,,=,-8.01,,0
922,c1ccc2c(c1)c1cccc3ccc4cccc2c4c31,c1ccc2c(c1)c1cccc3ccc4cccc2c4c31,,LogS,,=,-7.8,,0
701,CCCCS,CCCCS,,LogS,,=,-2.18,,0
176,CC(C)OC(C)C,CC(C)OC(C)C,,LogS,,=,-1.1,,0
794,CCC(C)c1cc([N+](=O)[O-])cc([N+](=O)[O-])c1O,CCC(C)c1cc([N+](=O)[O-])cc([N+](=O)[O-])c1O,,LogS,,=,-3.38,,0
1296,CCNC(=S)NCC,CCNC(=S)NCC,,LogS,,=,-1.46,,0
17,Cn1ccccc1=O,Cn1ccccc1=O,,LogS,,=,0.96,,1
978,CC(=O)C1(O)CCC2C3CC(C)C4=CC(=O)C=CC4(C)C3(F)C(O)CC21C,CC(=O)C1(O)CCC2C3CC(C)C4=CC(=O)C=CC4(C)C3(F)C(O)CC21C,,LogS,,=,-4.1,,0
1088,NC(Cc1cc(I)c(Oc2ccc(O)c(I)c2)c(I)c1)C(=O)O,NC(Cc1cc(I)c(Oc2ccc(O)c(I)c2)c(I)c1)C(=O)O,,LogS,,=,-5.22,,0
989,CCCCc1c(C)nc(NCC)nc1OS(=O)(=O)N(C)C,CCCCc1c(C)nc(NCC)nc1OS(=O)(=O)N(C)C,,LogS,,=,-4.16,,0
1180,Clc1cc(Cl)c(Cl)c(-c2c(Cl)c(Cl)cc(Cl)c2Cl)c1Cl,Clc1cc(Cl)c(Cl)c(-c2c(Cl)c(Cl)cc(Cl)c2Cl)c1Cl,,LogS,,=,-9.15,,0
438,O=C(O)C=Cc1ccccc1,O=C(O)C=Cc1ccccc1,,LogS,,=,-2.48,,0
1148,ClC(Cl)=C(c1ccc(Cl)cc1)c1ccc(Cl)cc1,ClC(Cl)=C(c1ccc(Cl)cc1)c1ccc(Cl)cc1,,LogS,,=,-6.9,,0
1301,C=CCBr,C=CCBr,,LogS,,=,-1.5,,0
817,CC12CCC(=O)C=C1CCC1C2CCC2(C)C(C(=O)CO)CCC12,CC12CCC(=O)C=C1CCC1C2CCC2(C)C(C(=O)CO)CCC12,,LogS,,=,-3.75,,0
1170,c1ccc2c3c(ccc2c1)-c1cccc2cccc-3c12,c1ccc2c3c(ccc2c1)-c1cccc2cccc-3c12,,LogS,,=,-8,,0
411,CN(C)C(=O)NC1CCCCCCC1,CN(C)C(=O)NC1CCCCCCC1,,LogS,,=,-2.36,,0
1090,CCCCCCCC,CCCCCCCC,,LogS,,=,-5.24,,0
1069,CC(C)OC(=O)C(O)(c1ccc(Br)cc1)c1ccc(Br)cc1,CC(C)OC(=O)C(O)(c1ccc(Br)cc1)c1ccc(Br)cc1,,LogS,,=,-4.93,,0
909,Clc1ccc(Cl)c(-c2ccccc2)c1Cl,Clc1ccc(Cl)c(-c2ccccc2)c1Cl,,LogS,,=,-6.29,,0
912,Clc1ccc(C(c2ccccc2Cl)C(Cl)(Cl)Cl)cc1,Clc1ccc(C(c2ccccc2Cl)C(Cl)(Cl)Cl)cc1,,LogS,,=,-6.62,,0
487,Nc1c(Cl)c(Cl)nc(C(=O)O)c1Cl,Nc1c(Cl)c(Cl)nc(C(=O)O)c1Cl,,LogS,,=,-2.75,,0
38,OC1C(O)C(O)C(O)C(O)C1O,OC1C(O)C(O)C(O)C(O)C1O,,LogS,,=,0.35,,1
273,CCCCC1(CC)C(=O)NC(=O)NC1=O,CCCCC1(CC)C(=O)NC(=O)NC1=O,,LogS,,=,-1.64,,0
597,C1CCCCCC1,C1CCCCCC1,,LogS,,=,-3.52,,0
788,Clc1ccc(Cl)cc1,Clc1ccc(Cl)cc1,,LogS,,=,-3.27,,0
10,C1CNCCN1,C1CNCCN1,,LogS,,=,1.07,,1
1215,COP(=O)(OC)C(O)C(Cl)(Cl)Cl,COP(=O)(OC)C(O)C(Cl)(Cl)Cl,,LogS,,=,-0.22,,0
613,Clc1ccc(Br)cc1,Clc1ccc(Br)cc1,,LogS,,=,-3.63,,0
287,CCCBr,CCCBr,,LogS,,=,-1.73,,0
124,Nc1ccccc1O,Nc1ccccc1O,,LogS,,=,-0.72,,0
800,Brc1cccc(Br)c1,Brc1cccc(Br)c1,,LogS,,=,-3.54,,0
609,O=C1Nc2ccc(Cl)cc2C(c2ccccc2Cl)=NC1O,O=C1Nc2ccc(Cl)cc2C(c2ccccc2Cl)=NC1O,,LogS,,=,-3.6,,0
1157,Clc1cc(Cl)c(-c2c(Cl)cccc2Cl)c(Cl)c1,Clc1cc(Cl)c(-c2c(Cl)cccc2Cl)c(Cl)c1,,LogS,,=,-7.32,,0
1167,Clc1c(Cl)c(Cl)c(-c2ccccc2)c(Cl)c1Cl,Clc1c(Cl)c(Cl)c(-c2ccccc2)c(Cl)c1Cl,,LogS,,=,-7.92,,0
947,CC12CCC(=O)C=C1CCC1C2CCC2(C)C(O)CCC12,CC12CCC(=O)C=C1CCC1C2CCC2(C)C(O)CCC12,,LogS,,=,-4.07,,0
1293,CN(C)C1C(O)=C(C(=O)NCN2CCCC2)C(=O)C2(O)C(O)=C3C(=O)c4c(O)cccc4C(C)(O)C3CC12,CN(C)C1C(O)=C(C(=O)NCN2CCCC2)C(=O)C2(O)C(O)=C3C(=O)c4c(O)cccc4C(C)(O)C3CC12,,LogS,,=,-1.42,,0
510,COc1cc(O)c2c(=O)c3cc(O)ccc3oc2c1,COc1cc(O)c2c(=O)c3cc(O)ccc3oc2c1,,LogS,,=,-2.93,,0
682,CC12CCC(CC1=O)C2(C)C,CC12CCC(CC1=O)C2(C)C,,LogS,,=,-1.99,,0
948,CCOP(=S)(OCC)Oc1ccc([N+](=O)[O-])cc1,CCOP(=S)(OCC)Oc1ccc([N+](=O)[O-])cc1,,LogS,,=,-4.29,,0
676,Cc1nc2ccccc2[nH]1,Cc1nc2ccccc2[nH]1,,LogS,,=,-1.96,,0
492,Cc1ccccc1C,Cc1ccccc1C,,LogS,,=,-2.8,,0
432,Cc1cccc([N+](=O)[O-])c1,Cc1cccc([N+](=O)[O-])c1,,LogS,,=,-2.44,,0
805,COc1c2occc2cc2ccc(=O)oc12,COc1c2occc2cc2ccc(=O)oc12,,LogS,,=,-3.66,,0
992,CCc1cccc2ccccc12,CCc1cccc2ccccc12,,LogS,,=,-4.17,,0
720,Cc1ccsc1,Cc1ccsc1,,LogS,,=,-2.39,,0
1291,O=C(O)c1ccc(O)cc1,O=C(O)c1ccc(O)cc1,,LogS,,=,-1.41,,0
160,CC=CCC#N,CC=CCC#N,,LogS,,=,-0.96,,0
205,COc1ccc(NC(C)=O)cc1,COc1ccc(NC(C)=O)cc1,,LogS,,=,-1.3,,0
837,CCCCCCCCl,CCCCCCCCl,,LogS,,=,-3.99,,0
22,CC1CNCCN1,CC1CNCCN1,,LogS,,=,0.74,,1
28,C=CC=O,C=CC=O,,LogS,,=,0.57,,1
602,CCC(C)(C)C,CCC(C)(C)C,,LogS,,=,-3.55,,0
974,CCNc1nc(Cl)nc(N(CC)CC)n1,CCNc1nc(Cl)nc(N(CC)CC)n1,,LogS,,=,-4.06,,0
173,CCCCC(C)(C)O,CCCCC(C)(C)O,,LogS,,=,-1.08,,0
832,CN(C)C(=S)SSC(=S)N(C)C,CN(C)C(=S)SSC(=S)N(C)C,,LogS,,=,-3.9,,0
341,Cc1ccccc1S(N)(=O)=O,Cc1ccccc1S(N)(=O)=O,,LogS,,=,-2.02,,0
495,Cc1cccc(C)c1,Cc1cccc(C)c1,,LogS,,=,-2.82,,0
346,C=C(C(=O)O)c1ccccc1,C=C(C(=O)O)c1ccccc1,,LogS,,=,-2.06,,0
488,C=CC1CN2CCC1CC2C(O)c1ccnc2ccc(OC)cc12,C=CC1CN2CCC1CC2C(O)c1ccnc2ccc(OC)cc12,,LogS,,=,-2.76,,0
132,Nc1ccc(O)cc1,Nc1ccc(O)cc1,,LogS,,=,-0.8,,0
631,O=NN(c1ccccc1)c1ccccc1,O=NN(c1ccccc1)c1ccccc1,,LogS,,=,-3.75,,0
980,CC(C)(C)C(=O)C1C(=O)c2ccccc2C1=O,CC(C)(C)C(=O)C1C(=O)c2ccccc2C1=O,,LogS,,=,-4.11,,0
19,COC(=O)C1=CCCN(C)C1,COC(=O)C1=CCCN(C)C1,,LogS,,=,0.81,,1
1034,Brc1ccc(Br)c(Br)c1,Brc1ccc(Br)c(Br)c1,,LogS,,=,-4.5,,0
288,O=[N+]([O-])c1ccccc1O,O=[N+]([O-])c1ccccc1O,,LogS,,=,-1.74,,0
227,c1ccsc1,c1ccsc1,,LogS,,=,-1.45,,0
177,O=C(O)COc1ccccc1,O=C(O)COc1ccccc1,,LogS,,=,-1.1,,0
611,CC(C)(C)C(=O)C(Oc1ccc(Cl)cc1)n1cncn1,CC(C)(C)C(=O)C(Oc1ccc(Cl)cc1)n1cncn1,,LogS,,=,-3.61,,0
307,CC(=O)N=c1sc(S(N)(=O)=O)nn1C,CC(=O)N=c1sc(S(N)(=O)=O)nn1C,,LogS,,=,-1.83,,0
669,O=c1ccc2ccccc2o1,O=c1ccc2ccccc2o1,,LogS,,=,-1.89,,0
268,O=Cc1ccc2c(c1)OCO2,O=Cc1ccc2c(c1)OCO2,,LogS,,=,-1.63,,0
84,CCC(C)(O)CC,CCC(C)(O)CC,,LogS,,=,-0.38,,0
587,CC12CCC(=O)C=C1CCC1C3CCC(O)(C(=O)CO)C3(C)CC(O)C12F,CC12CCC(=O)C=C1CCC1C3CCC(O)(C(=O)CO)C3(C)CC(O)C12F,,LogS,,=,-3.43,,0
279,COc1c(Cl)ccc(Cl)c1C(=O)O,COc1c(Cl)ccc(Cl)c1C(=O)O,,LogS,,=,-1.7,,0
719,Fc1cc(F)c(F)cc1F,Fc1cc(F)c(F)cc1F,,LogS,,=,-2.38,,0
644,Cc1cccc(C)c1NC(=O)c1cc(S(N)(=O)=O)c(Cl)cc1O,Cc1cccc(C)c1NC(=O)c1cc(S(N)(=O)=O)c(Cl)cc1O,,LogS,,=,-3.79,,0
180,NCCc1ccc(O)cc1,NCCc1ccc(O)cc1,,LogS,,=,-1.12,,0
718,Nc1ccc([N+](=O)[O-])cc1,Nc1ccc([N+](=O)[O-])cc1,,LogS,,=,-2.37,,0
877,c1ccc(CCc2ccccc2)cc1,c1ccc(CCc2ccccc2)cc1,,LogS,,=,-4.62,,0
233,O=S(=O)(CCCl)CCCl,O=S(=O)(CCCl)CCCl,,LogS,,=,-1.5,,0
850,CN1C(C(=O)Nc2ccccn2)=C(O)c2ccccc2S1(=O)=O,CN1C(C(=O)Nc2ccccn2)=C(O)c2ccccc2S1(=O)=O,,LogS,,=,-4.16,,0
1080,COc1ccc(Cl)cc1C(=O)NCCc1ccc(S(=O)(=O)NC(=O)NC2CCCCC2)cc1,COc1ccc(Cl)cc1C(=O)NCCc1ccc(S(=O)(=O)NC(=O)NC2CCCCC2)cc1,,LogS,,=,-5.09,,0
311,CCCC(CCC)C(=O)O,CCCC(CCC)C(=O)O,,LogS,,=,-1.86,,0
236,CCCC(C)(C)CO,CCCC(C)(C)CO,,LogS,,=,-1.52,,0
830,COC(=O)Nc1nc2ccc(C(=O)c3ccccc3)cc2[nH]1,COC(=O)Nc1nc2ccc(C(=O)c3ccccc3)cc2[nH]1,,LogS,,=,-3.88,,0
382,Cc1ccc(C(C)C)c(O)c1,Cc1ccc(C(C)C)c(O)c1,,LogS,,=,-2.22,,0
760,C=Cc1ccccc1,C=Cc1ccccc1,,LogS,,=,-2.82,,0
738,CCCCC(=O)CCCC,CCCCC(=O)CCCC,,LogS,,=,-2.59,,0
1150,Cc1c2ccccc2c(C)c2c1ccc1ccccc12,Cc1c2ccccc2c(C)c2c1ccc1ccccc12,,LogS,,=,-7.02,,0
668,C=CC=C,C=CC=C,,LogS,,=,-1.87,,0
645,CN1C(=O)CN=C(c2ccccc2)c2cc([N+](=O)[O-])ccc21,CN1C(=O)CN=C(c2ccccc2)c2cc([N+](=O)[O-])ccc21,,LogS,,=,-3.8,,0
581,CCCCCCCC(=O)OC,CCCCCCCC(=O)OC,,LogS,,=,-3.39,,0
1095,Clc1ccc(-c2ccccc2Cl)cc1,Clc1ccc(-c2ccccc2Cl)cc1,,LogS,,=,-5.28,,0
995,CN(C)CCCN1c2ccccc2CCc2ccccc21,CN(C)CCCN1c2ccccc2CCc2ccccc21,,LogS,,=,-4.19,,0
920,CCCCCCCCCCCCCCCCO,CCCCCCCCCCCCCCCCO,,LogS,,=,-7.26,,0
1140,Clc1ccc(-c2ccc(Cl)cc2)cc1,Clc1ccc(-c2ccc(Cl)cc2)cc1,,LogS,,=,-6.56,,0
323,CCCOC(=O)CCC,CCCOC(=O)CCC,,LogS,,=,-1.92,,0
1184,O=C1CCCO1,O=C1CCCO1,,LogS,,=,1.07,,1
416,Clc1ccccc1,Clc1ccccc1,,LogS,,=,-2.38,,0
891,CCCCCCc1ccccc1,CCCCCCc1ccccc1,,LogS,,=,-5.21,,0
149,O=Cc1ccccc1O,O=Cc1ccccc1O,,LogS,,=,-0.86,,0
37,O=c1cccc2n1CC1CNCC2C1,O=c1cccc2n1CC1CNCC2C1,,LogS,,=,0.36,,1
51,CC(C)CO,CC(C)CO,,LogS,,=,0.04,,1
886,CN(C)C(=O)Nc1ccc(Oc2ccc(Cl)cc2)cc1,CN(C)C(=O)Nc1ccc(Oc2ccc(Cl)cc2)cc1,,LogS,,=,-4.89,,0
466,C1CCCC1,C1CCCC1,,LogS,,=,-2.64,,0
793,CCCCN(CC)C(=O)SCCC,CCCCN(CC)C(=O)SCCC,,LogS,,=,-3.35,,0
400,Nc1ccc(S(=O)(=O)Nc2ccnn2-c2ccccc2)cc1,Nc1ccc(S(=O)(=O)Nc2ccnn2-c2ccccc2)cc1,,LogS,,=,-2.32,,0
866,O=C(CCCN1CCC(O)(c2ccc(Cl)cc2)CC1)c1ccc(F)cc1,O=C(CCCN1CCC(O)(c2ccc(Cl)cc2)CC1)c1ccc(F)cc1,,LogS,,=,-4.43,,0
808,CC(C)(C)c1ccccc1,CC(C)(C)c1ccccc1,,LogS,,=,-3.66,,0
3,C1CCNC1,C1CCNC1,,LogS,,=,1.15,,1
440,O=C(O)COc1ccc(Cl)cc1Cl,O=C(O)COc1ccc(Cl)cc1Cl,,LogS,,=,-2.51,,0
990,OCCN1CCN(CCCN2c3ccccc3Sc3ccc(Cl)cc32)CC1,OCCN1CCN(CCCN2c3ccccc3Sc3ccc(Cl)cc32)CC1,,LogS,,=,-4.16,,0
908,CC1(C)C(C=C(Cl)Cl)C1C(=O)OCc1cccc(Oc2ccccc2)c1,CC1(C)C(C=C(Cl)Cl)C1C(=O)OCc1cccc(Oc2ccccc2)c1,,LogS,,=,-6.29,,0
999,Cc1ccc(S(=O)(=O)NC(=O)NC2CCCCC2)cc1,Cc1ccc(S(=O)(=O)NC(=O)NC2CCCCC2)cc1,,LogS,,=,-4.21,,0
73,O=C(O)CCC(=O)O,O=C(O)CCC(=O)O,,LogS,,=,-0.2,,0
1087,Clc1cccc(Cl)c1-c1ccccc1,Clc1cccc(Cl)c1-c1ccccc1,,LogS,,=,-5.21,,0
305,O=C(O)c1ccccc1O,O=C(O)c1ccccc1O,,LogS,,=,-1.82,,0
306,CCC(=O)c1ccccc1,CCC(=O)c1ccccc1,,LogS,,=,-1.83,,0
518,C#CCCCCC,C#CCCCCC,,LogS,,=,-3.01,,0
391,Oc1ccc2ccccc2c1,Oc1ccc2ccccc2c1,,LogS,,=,-2.28,,0
203,CCCC(=O)OCC,CCCC(=O)OCC,,LogS,,=,-1.28,,0
637,CCCCI,CCCCI,,LogS,,=,-2.96,,0
1262,ClCCCl,ClCCCl,,LogS,,=,-1.06,,0
64,CC(C)(S)C(N)C(=O)O,CC(C)(S)C(N)C(=O)O,,LogS,,=,-0.13,,0
897,N#Cc1c(Cl)c(Cl)c(Cl)c(C#N)c1Cl,N#Cc1c(Cl)c(Cl)c(Cl)c(C#N)c1Cl,,LogS,,=,-5.64,,0
1020,CC(=O)OCC(=O)C1(O)CCC2C3CCC4=CC(=O)C=CC4(C)C3C(O)CC21C,CC(=O)OCC(=O)C1(O)CCC2C3CCC4=CC(=O)C=CC4(C)C3C(O)CC21C,,LogS,,=,-4.37,,0
826,CC=CCCCC,CC=CCCCC,,LogS,,=,-3.82,,0
351,Cc1ccc(C(C)C)cc1O,Cc1ccc(C(C)C)cc1O,,LogS,,=,-2.08,,0
1154,Clc1ccc(Cl)c(-c2ccc(Cl)c(Cl)c2)c1,Clc1ccc(Cl)c(-c2ccc(Cl)c(Cl)c2)c1,,LogS,,=,-7.25,,0
899,CCOP(=S)(OCC)SCSc1ccc(Cl)cc1,CCOP(=S)(OCC)SCSc1ccc(Cl)cc1,,LogS,,=,-5.74,,0
496,CCC1C2CC3C4N(C)c5ccccc5C45CC(C2C5O)N3C1O,CCC1C2CC3C4N(C)c5ccccc5C45CC(C2C5O)N3C1O,,LogS,,=,-2.82,,0
862,c1ccc2c(c1)sc1ccccc12,c1ccc2c(c1)sc1ccccc12,,LogS,,=,-4.38,,0
271,O=C1NS(=O)(=O)c2ccccc21,O=C1NS(=O)(=O)c2ccccc21,,LogS,,=,-1.64,,0
1059,Cc1cccc2c(C)cccc12,Cc1cccc2c(C)cccc12,,LogS,,=,-4.74,,0
260,CC(C)CC(C)CO,CC(C)CC(C)CO,,LogS,,=,-1.6,,0
1007,CCC1CCCCC1,CCC1CCCCC1,,LogS,,=,-4.25,,0
898,CCCN(CCC)c1c([N+](=O)[O-])cc(C(F)(F)F)cc1[N+](=O)[O-],CCCN(CCC)c1c([N+](=O)[O-])cc(C(F)(F)F)cc1[N+](=O)[O-],,LogS,,=,-5.68,,0
31,CC1CNC(C)CN1,CC1CNC(C)CN1,,LogS,,=,0.49,,1
156,COc1cnc2cncnc2n1,COc1cnc2cncnc2n1,,LogS,,=,-0.91,,0
1223,Nc1ccccc1,Nc1ccccc1,,LogS,,=,-0.41,,0
421,Oc1ccccc1-c1ccccc1,Oc1ccccc1-c1ccccc1,,LogS,,=,-2.39,,0
809,c1ccc2nc3ccccc3cc2c1,c1ccc2nc3ccccc3cc2c1,,LogS,,=,-3.67,,0
627,CCC(=O)N(c1ccccc1)C1(COC)CCN(CCc2cccs2)CC1,CCC(=O)N(c1ccccc1)C1(COC)CCN(CCc2cccs2)CC1,,LogS,,=,-3.71,,0
1259,N#Cc1ccccc1,N#Cc1ccccc1,,LogS,,=,-1,,0
1040,CCCCCCCOC(=O)c1ccc(N)cc1,CCCCCCCOC(=O)c1ccc(N)cc1,,LogS,,=,-4.6,,0
1243,CC(C)CC(C)O,CC(C)CC(C)O,,LogS,,=,-0.8,,0
243,O=C(O)c1ccccc1,O=C(O)c1ccccc1,,LogS,,=,-1.55,,0
715,CNC(=O)Oc1cccc(N=CN(C)C)c1,CNC(=O)Oc1cccc(N=CN(C)C)c1,,LogS,,=,-2.34,,0
930,c1ccc2cc3cc4ccccc4cc3cc2c1,c1ccc2cc3cc4ccccc4cc3cc2c1,,LogS,,=,-8.6,,0
769,CCCNC(=O)NS(=O)(=O)c1ccc(Cl)cc1,CCCNC(=O)NS(=O)(=O)c1ccc(Cl)cc1,,LogS,,=,-3.03,,0
516,CCCCCCCCCO,CCCCCCCCCO,,LogS,,=,-3.01,,0
743,CCC(Cl)CC,CCC(Cl)CC,,LogS,,=,-2.63,,0
662,CCNC(=O)C(C)OC(=O)Nc1ccccc1,CCNC(=O)C(C)OC(=O)Nc1ccccc1,,LogS,,=,-1.83,,0
1192,CN(C)C(=O)N(C)C,CN(C)C(=O)N(C)C,,LogS,,=,0.94,,1
571,O=C1CC2OCC=C3CN4CCC56c7ccccc7N1C5C2C3CC46,O=C1CC2OCC=C3CN4CCC56c7ccccc7N1C5C2C3CC46,,LogS,,=,-3.32,,0
661,CCCCC(CC)CN,CCCCC(CC)CN,,LogS,,=,-1.71,,0
1210,CCOC(C)=O,CCOC(C)=O,,LogS,,=,-0.04,,0
972,COc1c(O)c(Cl)c(Cl)c(Cl)c1Cl,COc1c(O)c(Cl)c(Cl)c(Cl)c1Cl,,LogS,,=,-4.02,,0
78,CCCC(C)O,CCCC(C)O,,LogS,,=,-0.29,,0
505,CC(C)CCBr,CC(C)CCBr,,LogS,,=,-2.89,,0
579,CCCc1ccccc1,CCCc1ccccc1,,LogS,,=,-3.37,,0
566,Cc1occc1C(=O)Nc1ccccc1,Cc1occc1C(=O)Nc1ccccc1,,LogS,,=,-3.3,,0
652,CCI,CCI,,LogS,,=,-1.6,,0
285,CCCCC(C)C(C)O,CCCCC(C)C(C)O,,LogS,,=,-1.72,,0
94,Oc1cccnc1,Oc1cccnc1,,LogS,,=,-0.46,,0
221,CCCC(O)CCC,CCCC(O)CCC,,LogS,,=,-1.4,,0
901,Cc1c2ccccc2cc2ccccc12,Cc1c2ccccc2cc2ccccc12,,LogS,,=,-5.89,,0
72,CN(C)NC(=O)CCC(=O)O,CN(C)NC(=O)CCC(=O)O,,LogS,,=,-0.2,,0
471,C=CCCC=C,C=CCCC=C,,LogS,,=,-2.68,,0
234,N=C(N)NCC(=O)O,N=C(N)NCC(=O)O,,LogS,,=,-1.51,,0
984,Clc1ccc2ccccc2c1,Clc1ccc2ccccc2c1,,LogS,,=,-4.14,,0
943,CN(C)C(=O)Nc1ccc(Cl)c(Cl)c1,CN(C)C(=O)Nc1ccc(Cl)c(Cl)c1,,LogS,,=,-3.76,,0
372,CCOc1ccc(NC(N)=O)cc1,CCOc1ccc(NC(N)=O)cc1,,LogS,,=,-2.17,,0
218,Cc1cc(C)cc(O)c1,Cc1cc(C)cc(O)c1,,LogS,,=,-1.4,,0
687,COc1cc(C(=O)O)ccc1O,COc1cc(C(=O)O)ccc1O,,LogS,,=,-2.05,,0
153,ClCBr,ClCBr,,LogS,,=,-0.89,,0
522,NS(=O)(=O)c1cc2c(cc1Cl)N=CNS2(=O)=O,NS(=O)(=O)c1cc2c(cc1Cl)N=CNS2(=O)=O,,LogS,,=,-3.05,,0
511,COc1cc(NS(=O)(=O)c2ccc(N)cc2)nc(OC)n1,COc1cc(NS(=O)(=O)c2ccc(N)cc2)nc(OC)n1,,LogS,,=,-2.96,,0
1120,COP(=S)(OC)Oc1cc(Cl)c(Cl)cc1Cl,COP(=S)(OC)Oc1cc(Cl)c(Cl)cc1Cl,,LogS,,=,-5.72,,0
716,CNC(=O)Oc1ccc(N(C)C)c(C)c1,CNC(=O)Oc1ccc(N(C)C)c(C)c1,,LogS,,=,-2.36,,0
1003,CCOP(=S)(OCC)SCCSCC,CCOP(=S)(OCC)SCCSCC,,LogS,,=,-4.23,,0
512,CN(C)C(=O)C(c1ccccc1)c1ccccc1,CN(C)C(=O)C(c1ccccc1)c1ccccc1,,LogS,,=,-2.98,,0
228,c1ccc2cnccc2c1,c1ccc2cnccc2c1,,LogS,,=,-1.45,,0
186,CCC(CC)CO,CCC(CC)CO,,LogS,,=,-1.17,,0
961,CCC(C)c1ccccc1,CCC(C)c1ccccc1,,LogS,,=,-3.89,,0
1219,O=C1CNC(=O)N1,O=C1CNC(=O)N1,,LogS,,=,-0.4,,0
861,CC1(C)OC2CC3C4CCC5=CC(=O)C=CC5(C)C4(F)C(O)CC3(C)C2(C(=O)CO)O1,CC1(C)OC2CC3C4CCC5=CC(=O)C=CC5(C)C4(F)C(O)CC3(C)C2(C(=O)CO)O1,,LogS,,=,-4.32,,0
1200,CCC(C)O,CCC(C)O,,LogS,,=,0.43,,1
383,CC(Oc1ccccc1Cl)C(=O)O,CC(Oc1ccccc1Cl)C(=O)O,,LogS,,=,-2.22,,0
534,C=CCOC(=O)c1ccccc1C(=O)OCC=C,C=CCOC(=O)c1ccccc1C(=O)OCC=C,,LogS,,=,-3.13,,0
589,CCCCCCCCCC(=O)O,CCCCCCCCCC(=O)O,,LogS,,=,-3.44,,0
1112,COc1ccc2c(c1)c(CC(=O)O)c(C)n2C(=O)C=Cc1ccccc1,COc1ccc2c(c1)c(CC(=O)O)c(C)n2C(=O)C=Cc1ccccc1,,LogS,,=,-5.54,,0
420,ClCc1ccccc1,ClCc1ccccc1,,LogS,,=,-2.39,,0
733,OC(c1ccccc1)c1ccccc1,OC(c1ccccc1)c1ccccc1,,LogS,,=,-2.55,,0
562,CC(C)c1ccccc1,CC(C)c1ccccc1,,LogS,,=,-3.27,,0
1261,CCC(C)(C)CO,CCC(C)(C)CO,,LogS,,=,-1.04,,0
44,CC(=O)CC(C)=O,CC(=O)CC(C)=O,,LogS,,=,0.22,,1
1042,c1ccc2c(c1)oc1ccccc12,c1ccc2c(c1)oc1ccccc12,,LogS,,=,-4.6,,0
1260,O=[N+]([O-])c1cccc(O)c1,O=[N+]([O-])c1cccc(O)c1,,LogS,,=,-1.01,,0
559,CCCCCNCCOC(=O)c1ccc(N)cc1,CCCCCNCCOC(=O)c1ccc(N)cc1,,LogS,,=,-3.27,,0
848,CC(=O)OCC(=O)C1(O)C(OC(C)=O)CC2C3CCC4=CC(=O)C=CC4(C)C3(F)C(O)CC21C,CC(=O)OCC(=O)C1(O)C(OC(C)=O)CC2C3CCC4=CC(=O)C=CC4(C)C3(F)C(O)CC21C,,LogS,,=,-4.13,,0
1283,BrC=CBr,BrC=CBr,,LogS,,=,-1.32,,0
551,IC=CI,IC=CI,,LogS,,=,-3.22,,0
18,CCOC(N)=O,CCOC(N)=O,,LogS,,=,0.85,,1
639,CCNc1nc(NC(C)C)nc(SC)n1,CCNc1nc(NC(C)C)nc(SC)n1,,LogS,,=,-3.04,,0
732,Brc1ccccc1,Brc1ccccc1,,LogS,,=,-2.55,,0
297,O=C1CSC(=S)N1,O=C1CSC(=S)N1,,LogS,,=,-1.77,,0
1294,CC(=O)CC(C)C,CC(=O)CC(C)C,,LogS,,=,-1.42,,0
829,CC1CCCCC1,CC1CCCCC1,,LogS,,=,-3.85,,0
689,C=CCC1(CC=C)C(=O)NC(=O)NC1=O,C=CCC1(CC=C)C(=O)NC(=O)NC1=O,,LogS,,=,-2.06,,0
608,c1ccc2ccccc2c1,c1ccc2ccccc2c1,,LogS,,=,-3.6,,0
333,Cc1nc(N(C)C)nc(OC(=O)N(C)C)c1C,Cc1nc(N(C)C)nc(OC(=O)N(C)C)c1C,,LogS,,=,-1.95,,0
642,CCOC1Oc2ccc(OS(C)(=O)=O)cc2C1(C)C,CCOC1Oc2ccc(OS(C)(=O)=O)cc2C1(C)C,,LogS,,=,-3.42,,0
1089,Cc1cccc2c1Cc1ccccc1-2,Cc1cccc2c1Cc1ccccc1-2,,LogS,,=,-5.22,,0
106,O=C1CCCCC1,O=C1CCCCC1,,LogS,,=,-0.6,,0
714,CCOc1ccccc1,CCOc1ccccc1,,LogS,,=,-2.33,,0
767,CCn1cc(C(=O)O)c(=O)c2cnc(N3CCNCC3)nc21,CCn1cc(C(=O)O)c(=O)c2cnc(N3CCNCC3)nc21,,LogS,,=,-2.98,,0
863,OC(c1ccc(Cl)cc1)(c1cncnc1)c1ccccc1Cl,OC(c1ccc(Cl)cc1)(c1cncnc1)c1ccccc1Cl,,LogS,,=,-4.38,,0
599,Cc1cccc(Br)c1,Cc1cccc(Br)c1,,LogS,,=,-3.52,,0
1006,C#CCCCCCCC,C#CCCCCCCC,,LogS,,=,-4.24,,0
136,CC(C)(C)COC(N)=O,CC(C)(C)COC(N)=O,,LogS,,=,-0.8,,0
1252,CCCCC(C)O,CCCCC(C)O,,LogS,,=,-0.89,,0
327,CCC(=O)Nc1ccccc1,CCC(=O)Nc1ccccc1,,LogS,,=,-1.92,,0
1274,OCC1OC(n2cnc3c(O)ncnc32)C(O)C1O,OCC1OC(n2cnc3c(O)ncnc32)C(O)C1O,,LogS,,=,-1.23,,0
1187,OC1CCOC1,OC1CCOC1,,LogS,,=,1.05,,1
824,CC(C)C1=CC2=CCC3C(C)(C(=O)O)CCCC3(C)C2CC1,CC(C)C1=CC2=CCC3C(C)(C(=O)O)CCCC3(C)C2CC1,,LogS,,=,-3.8,,0
47,CC1CCCO1,CC1CCCO1,,LogS,,=,0.11,,1
1092,CC(=O)C1(C)CCC2C3C=C(C)C4=CC(=O)CCC4(C)C3CCC21C,CC(=O)C1(C)CCC2C3C=C(C)C4=CC(=O)CCC4(C)C3CCC21C,,LogS,,=,-5.27,,0
1043,COC1=CC(=O)CC(C)C12Oc1c(Cl)c(OC)cc(OC)c1C2=O,COC1=CC(=O)CC(C)C12Oc1c(Cl)c(OC)cc(OC)c1C2=O,,LogS,,=,-4.61,,0
620,Cc1cc2nc3c(=O)[nH]c(=O)nc-3n(CC(O)C(O)C(O)CO)c2cc1C,Cc1cc2nc3c(=O)[nH]c(=O)nc-3n(CC(O)C(O)C(O)CO)c2cc1C,,LogS,,=,-3.68,,0
604,CC(=O)N(c1onc(C)c1C)S(=O)(=O)c1ccc(N)cc1,CC(=O)N(c1onc(C)c1C)S(=O)(=O)c1ccc(N)cc1,,LogS,,=,-3.59,,0
1115,Clc1cc(Cl)c(Cl)c(Cl)c1Cl,Clc1cc(Cl)c(Cl)c(Cl)c1Cl,,LogS,,=,-5.65,,0
688,CC(C)=CCCC(C)=CC=O,CC(C)=CCCC(C)=CC=O,,LogS,,=,-2.06,,0
894,c1ccc2c(c1)ccc1ccccc12,c1ccc2c(c1)ccc1ccccc12,,LogS,,=,-5.26,,0
756,Ic1ccccc1,Ic1ccccc1,,LogS,,=,-2.78,,0
388,Cc1cc(NS(=O)(=O)c2ccc(N)cc2)nc(C)n1,Cc1cc(NS(=O)(=O)c2ccc(N)cc2)nc(C)n1,,LogS,,=,-2.24,,0
183,Nc1cc[nH]c(=O)n1,Nc1cc[nH]c(=O)n1,,LogS,,=,-1.14,,0
741,O=C1NC(=O)c2ccccc21,O=C1NC(=O)c2ccccc21,,LogS,,=,-2.61,,0
143,CCCCC=O,CCCCC=O,,LogS,,=,-0.85,,0
1103,O=C1C2CC=CCC2C(=O)N1SC(Cl)(Cl)C(Cl)Cl,O=C1C2CC=CCC2C(=O)N1SC(Cl)(Cl)C(Cl)Cl,,LogS,,=,-5.4,,0
1126,Clc1cc(Cl)c(-c2ccccc2)c(Cl)c1,Clc1cc(Cl)c(-c2ccccc2)c(Cl)c1,,LogS,,=,-6.14,,0
591,CC12CC(=O)C3C(CCC4=CC(=O)CCC43C)C1CCC2=O,CC12CC(=O)C3C(CCC4=CC(=O)CCC43C)C1CCC2=O,,LogS,,=,-3.48,,0
541,CCNc1nc(Cl)nc(NC(C)(C)C#N)n1,CCNc1nc(Cl)nc(NC(C)(C)C#N)n1,,LogS,,=,-3.15,,0
344,CNC(=O)Oc1ccccc1OC(C)C,CNC(=O)Oc1ccccc1OC(C)C,,LogS,,=,-2.05,,0
540,CC1=C(C(=O)Nc2ccccc2)SCCO1,CC1=C(C(=O)Nc2ccccc2)SCCO1,,LogS,,=,-3.14,,0
713,Cc1ccccc1[N+](=O)[O-],Cc1ccccc1[N+](=O)[O-],,LogS,,=,-2.33,,0
259,O=C(O)c1ccccc1C(F)(F)F,O=C(O)c1ccccc1C(F)(F)F,,LogS,,=,-1.6,,0
592,CCCCOC(=O)c1ccccc1,CCCCOC(=O)c1ccccc1,,LogS,,=,-3.48,,0
318,O=C(O)CCCCCCCC(=O)O,O=C(O)CCCCCCCC(=O)O,,LogS,,=,-1.89,,0
150,Clc1cnc2cncnc2n1,Clc1cnc2cncnc2n1,,LogS,,=,-0.87,,0
694,COCCOc1c(OC)cc(Cc2cnc(N)nc2N)cc1OC,COCCOc1c(OC)cc(Cc2cnc(N)nc2N)cc1OC,,LogS,,=,-2.1,,0
933,c1cc2ccc3ccc4ccc5cccc6c(c1)c2c3c4c56,c1cc2ccc3ccc4ccc5cccc6c(c1)c2c3c4c56,,LogS,,=,-9.03,,0
1116,C#CC1(O)CCC2C3CCC4=CC(=O)CCC4(C)C3CCC21C,C#CC1(O)CCC2C3CCC4=CC(=O)CCC4(C)C3CCC21C,,LogS,,=,-5.66,,0
190,Cc1ccc(CO)cc1,Cc1ccc(CO)cc1,,LogS,,=,-1.2,,0
885,CC(C)N(C(=O)SCC(Cl)=C(Cl)Cl)C(C)C,CC(C)N(C(=O)SCC(Cl)=C(Cl)Cl)C(C)C,,LogS,,=,-4.88,,0
1168,Clc1cc(Cl)c(-c2c(Cl)cc(Cl)c(Cl)c2Cl)cc1Cl,Clc1cc(Cl)c(-c2c(Cl)cc(Cl)c(Cl)c2Cl)cc1Cl,,LogS,,=,-7.92,,0
1286,C=CCCl,C=CCCl,,LogS,,=,-1.36,,0
1163,Clc1ccc(-c2c(Cl)cc(Cl)c(Cl)c2Cl)cc1Cl,Clc1ccc(-c2c(Cl)cc(Cl)c(Cl)c2Cl)cc1Cl,,LogS,,=,-7.66,,0
634,CCOc1ccc2nc(S(N)(=O)=O)sc2c1,CCOc1ccc2nc(S(N)(=O)=O)sc2c1,,LogS,,=,-3.81,,0
1074,CN(C)CCCN1c2ccccc2Sc2ccc(Cl)cc21,CN(C)CCCN1c2ccccc2Sc2ccc(Cl)cc21,,LogS,,=,-5.01,,0
1212,OC(CCl)CCl,OC(CCl)CCl,,LogS,,=,-0.11,,0
1173,c1ccc2c(c1)-c1cccc3c1c-2cc1ccccc13,c1ccc2c(c1)-c1cccc3c1c-2cc1ccccc13,,LogS,,=,-8.23,,0
14,O=C(O)CCCC(=O)O,O=C(O)CCCC(=O)O,,LogS,,=,1,,1
292,CSc1ncc2nccnc2n1,CSc1ncc2nccnc2n1,,LogS,,=,-1.76,,0
775,Cc1ccc(Cl)cc1,Cc1ccc(Cl)cc1,,LogS,,=,-3.08,,0
936,Clc1ccc(Cl)c(-c2cc(Cl)c(Cl)cc2Cl)c1,Clc1ccc(Cl)c(-c2cc(Cl)c(Cl)cc2Cl)c1,,LogS,,=,-7.89,,0
983,Cc1ccc(C)c2ccccc12,Cc1ccc(C)c2ccccc12,,LogS,,=,-4.14,,0
1307,CN1[C@H]2CC[C@@H]1[C@@H](C(=O)O)[C@@H](O)C2,CN1[C@H]2CC[C@@H]1[C@@H](C(=O)O)[C@@H](O)C2,,LogS,,=,-0.02,,0
1230,O=C(O)c1ccco1,O=C(O)c1ccco1,,LogS,,=,-0.48,,0
703,O=C1NC(=O)C(O)(C2(O)C(=O)NC(=O)NC2=O)C(=O)N1,O=C1NC(=O)C(O)(C2(O)C(=O)NC(=O)NC2=O)C(=O)N1,,LogS,,=,-1.99,,0
859,CN(C)CCCN1c2ccccc2Sc2ccccc21,CN(C)CCCN1c2ccccc2Sc2ccccc21,,LogS,,=,-4.3,,0
309,CCCCOCCCC,CCCCOCCCC,,LogS,,=,-1.85,,0
1214,Oc1ccc(O)cc1,Oc1ccc(O)cc1,,LogS,,=,-0.17,,0
1231,CCCC(C)(C)O,CCCC(C)(C)O,,LogS,,=,-0.49,,0
998,CC(C)OP(=S)(OC(C)C)SCCNS(=O)(=O)c1ccccc1,CC(C)OP(=S)(OC(C)C)SCCNS(=O)(=O)c1ccccc1,,LogS,,=,-4.2,,0
544,CCN(CC)CCNC(=O)c1cc(Cl)c(N)cc1OC,CCN(CC)CCNC(=O)c1cc(Cl)c(N)cc1OC,,LogS,,=,-3.18,,0
569,CCCCCCCCC(C)=O,CCCCCCCCC(C)=O,,LogS,,=,-3.31,,0
154,O=C(O)Cc1ccccc1,O=C(O)Cc1ccccc1,,LogS,,=,-0.89,,0
296,NC(=S)Nc1ccccc1,NC(=S)Nc1ccccc1,,LogS,,=,-1.77,,0
653,CCCCC(C)(O)CC,CCCCC(C)(O)CC,,LogS,,=,-1.6,,0
24,NC(=O)c1cccnc1,NC(=O)c1cccnc1,,LogS,,=,0.61,,1
361,CN1[C@H]2CC[C@@H]1CC(OC(=O)C(CO)c1ccccc1)C2,CN1[C@H]2CC[C@@H]1CC(OC(=O)C(CO)c1ccccc1)C2,,LogS,,=,-2.12,,0
428,CC(C)CBr,CC(C)CBr,,LogS,,=,-2.43,,0
20,Oc1cccc(O)c1,Oc1cccc(O)c1,,LogS,,=,0.81,,1
1250,CCC(C)(O)C(C)C,CCC(C)(O)C(C)C,,LogS,,=,-0.85,,0
206,c1ccc2ncccc2c1,c1ccc2ncccc2c1,,LogS,,=,-1.3,,0
1211,COC(C)C,COC(C)C,,LogS,,=,-0.06,,0
96,Cc1ncnc2nccnc12,Cc1ncnc2nccnc12,,LogS,,=,-0.47,,0
1022,C[C@]12CC[C@H]3[C@@H](CC[C@H]4C[C@H](O)CC[C@@]43C)[C@@H]1CCC2=O,C[C@]12CC[C@H]3[C@@H](CC[C@H]4C[C@H](O)CC[C@@]43C)[C@@H]1CCC2=O,,LogS,,=,-4.4,,0
353,Cc1cc(OC(=O)N(C)C)n(-c2ccccc2)n1,Cc1cc(OC(=O)N(C)C)n(-c2ccccc2)n1,,LogS,,=,-2.09,,0
508,C=CCc1ccc(OC)cc1,C=CCc1ccc(OC)cc1,,LogS,,=,-2.92,,0
819,Cc1ccc(C(C)C)cc1,Cc1ccc(C(C)C)cc1,,LogS,,=,-3.77,,0
1037,CCNc1nc(Cl)nc(NCC)n1,CCNc1nc(Cl)nc(NCC)n1,,LogS,,=,-4.55,,0
11,C1CCNCC1,C1CCNCC1,,LogS,,=,1.07,,1
1228,CCCNCCC,CCCNCCC,,LogS,,=,-0.46,,0
807,NS(=O)(=O)c1cc(C(=O)O)c(NCc2ccco2)cc1Cl,NS(=O)(=O)c1cc(C(=O)O)c(NCc2ccco2)cc1Cl,,LogS,,=,-3.66,,0
431,CC1=C(C(=O)Nc2ccccc2)S(=O)(=O)CCO1,CC1=C(C(=O)Nc2ccccc2)S(=O)(=O)CCO1,,LogS,,=,-2.43,,0
225,Cc1cccc(O)c1C,Cc1cccc(O)c1C,,LogS,,=,-1.43,,0
1016,Brc1cccc2ccccc12,Brc1cccc2ccccc12,,LogS,,=,-4.35,,0
185,O=S(CCCl)CCCl,[O-][S+](CCCl)CCCl,,LogS,,=,-1.16,,0
1221,CC(C)(C)CO,CC(C)(C)CO,,LogS,,=,-0.4,,0
674,Cc1cc(C)c2ccccc2n1,Cc1cc(C)c2ccccc2n1,,LogS,,=,-1.94,,0
563,COc1ccc(NS(=O)(=O)c2ccc(N)cc2)nn1,COc1ccc(NS(=O)(=O)c2ccc(N)cc2)nn1,,LogS,,=,-3.28,,0
423,CCCC(Cl)Cl,CCCC(Cl)Cl,,LogS,,=,-2.4,,0
1071,CC(=O)OC1(C(C)=O)CCC2C3C=C(Cl)C4=CC(=O)C=CC4(C)C3CCC21C,CC(=O)OC1(C(C)=O)CCC2C3C=C(Cl)C4=CC(=O)C=CC4(C)C3CCC21C,,LogS,,=,-4.95,,0
1107,CCN(CC)c1c([N+](=O)[O-])cc(C(F)(F)F)c(N)c1[N+](=O)[O-],CCN(CC)c1c([N+](=O)[O-])cc(C(F)(F)F)c(N)c1[N+](=O)[O-],,LogS,,=,-5.47,,0
997,O=CNC(N1CCN(C(NC=O)C(Cl)(Cl)Cl)CC1)C(Cl)(Cl)Cl,O=CNC(N1CCN(C(NC=O)C(Cl)(Cl)Cl)CC1)C(Cl)(Cl)Cl,,LogS,,=,-4.19,,0
693,CCSCc1ccccc1OC(=O)NC,CCSCc1ccccc1OC(=O)NC,,LogS,,=,-2.09,,0
924,c1ccc2c(c1)Cc1cc3ccccc3cc1-2,c1ccc2c(c1)Cc1cc3ccccc3cc1-2,,LogS,,=,-8.04,,0
1077,C=CCCCCCCC,C=CCCCCCCC,,LogS,,=,-5.05,,0
690,Cc1cccc2sc3nncn3c12,Cc1cccc2sc3nncn3c12,,LogS,,=,-2.07,,0
781,CCCCCCCCC=O,CCCCCCCCC=O,,LogS,,=,-3.17,,0
1185,O=C1CCCN1,O=C1CCCN1,,LogS,,=,1.07,,1
430,Nc1ccc(S(=O)(=O)Nc2nccs2)cc1,Nc1ccc(S(=O)(=O)Nc2nccs2)cc1,,LogS,,=,-2.43,,0
187,ClC(Cl)Cl,ClC(Cl)Cl,,LogS,,=,-1.17,,0
622,CC12C=CC(=O)C=C1CCC1C3CC(O)C(O)(C(=O)CO)C3(C)CC(O)C12F,CC12C=CC(=O)C=C1CCC1C3CC(O)C(O)(C(=O)CO)C3(C)CC(O)C12F,,LogS,,=,-3.69,,0
590,C=CCC1(C(C)CCC)C(=O)NC(=S)NC1=O,C=CCC1(C(C)CCC)C(=O)NC(=S)NC1=O,,LogS,,=,-3.46,,0
170,CC(=O)Nc1ccc(O)cc1,CC(=O)Nc1ccc(O)cc1,,LogS,,=,-1.03,,0
1144,c1ccc2c(c1)Cc1c-2ccc2ccccc12,c1ccc2c(c1)Cc1c-2ccc2ccccc12,,LogS,,=,-6.68,,0
171,c1ccc2c(c1)CCN2,c1ccc2c(c1)CCN2,,LogS,,=,-1.04,,0
747,NS(=O)(=O)c1cc2c(cc1Cl)NC(C(Cl)Cl)NS2(=O)=O,NS(=O)(=O)c1cc2c(cc1Cl)NC(C(Cl)Cl)NS2(=O)=O,,LogS,,=,-2.68,,0
317,COc1ccc2c(c1OC)C(=O)OC2,COc1ccc2c(c1OC)C(=O)OC2,,LogS,,=,-1.89,,0
825,Cc1cc(S(=O)(=O)c2ccccc2)ccc1NS(=O)(=O)C(F)(F)F,Cc1cc(S(=O)(=O)c2ccccc2)ccc1NS(=O)(=O)C(F)(F)F,,LogS,,=,-3.8,,0
506,Cc1noc(NS(=O)(=O)c2ccc(N)cc2)c1C,Cc1noc(NS(=O)(=O)c2ccc(N)cc2)c1C,,LogS,,=,-2.91,,0
1072,c1ccc2c(c1)[nH]c1ccccc12,c1ccc2c(c1)[nH]c1ccccc12,,LogS,,=,-4.97,,0
264,CNC(=O)ON=C(CSC)C(C)(C)C,CNC(=O)ON=C(CSC)C(C)(C)C,,LogS,,=,-1.62,,0